rep_number,num_samples,timestamp
1,0,1767116644.560874
2,0,1767116648.560616
3,0,1767116652.3600798
4,0,1767116655.952681
5,0,1767116659.9287748
6,0,1767116663.715782
7,0,1767116667.017247
8,0,1767116670.435361
9,0,1767116681.046908
10,0,1767116684.518827
11,0,1767116687.6173499
12,0,1767116691.211688
13,0,1767116694.712048
14,0,1767116698.371673
15,0,1767116701.9409668
16,0,1767116705.4508328
17,0,1767116715.446372
18,0,1767116718.962122
19,0,1767116722.144501
20,0,1767116725.434599
21,0,1767116728.727322
22,0,1767116732.246588
23,0,1767116735.599977
24,0,1767116738.7690089
