timestamp,node_id,node_name,ax,ay,az,gx,gy,gz,qw,qx,qy,qz,roll,pitch,yaw,rep_number
1767126704.66,1,left_wrist,-0.0454,0.1244,-0.9794,1.47,-4.83,-0.14,0.03785461297092827,0.8284730047602418,-0.5560210450066118,-0.0551371577986478,172.86609466581797,2.8237261506893043,-67.91030698019794,1
1767126704.66,2,right_wrist,-0.1459,0.0098,-0.9584,0.98,-2.52,-0.35,0.07244673201154642,0.2644712106432862,0.9615473961400469,-0.015266130420552703,179.480841439776,8.476099455071637,149.20396527394544,1
1767126704.727,1,left_wrist,-0.0454,0.1244,-0.9794,1.47,-4.83,-0.14,0.03785461297092827,0.8284730047602418,-0.5560210450066118,-0.0551371577986478,172.86609466581797,2.8237261506893043,-67.91030698019794,1
1767126704.727,2,right_wrist,-0.1459,0.0098,-0.9584,0.98,-2.52,-0.35,0.07244673201154642,0.2644712106432862,0.9615473961400469,-0.015266130420552703,179.480841439776,8.476099455071637,149.20396527394544,1
1767126704.777,1,left_wrist,-0.0454,0.1244,-0.9794,1.47,-4.83,-0.14,0.03785461297092827,0.8284730047602418,-0.5560210450066118,-0.0551371577986478,172.86609466581797,2.8237261506893043,-67.91030698019794,1
1767126704.777,2,right_wrist,-0.1459,0.0098,-0.9584,0.98,-2.52,-0.35,0.07244673201154642,0.2644712106432862,0.9615473961400469,-0.015266130420552703,179.480841439776,8.476099455071637,149.20396527394544,1
1767126704.835,1,left_wrist,-0.0454,0.1244,-0.9794,1.47,-4.83,-0.14,0.03785461297092827,0.8284730047602418,-0.5560210450066118,-0.0551371577986478,172.86609466581797,2.8237261506893043,-67.91030698019794,1
1767126704.835,2,right_wrist,-0.1459,0.0098,-0.9584,0.98,-2.52,-0.35,0.07244673201154642,0.2644712106432862,0.9615473961400469,-0.015266130420552703,179.480841439776,8.476099455071637,149.20396527394544,1
1767126704.889,1,left_wrist,-0.0454,0.1244,-0.9794,1.47,-4.83,-0.14,0.03785461297092827,0.8284730047602418,-0.5560210450066118,-0.0551371577986478,172.86609466581797,2.8237261506893043,-67.91030698019794,1
1767126704.889,2,right_wrist,-0.1459,0.0098,-0.9584,0.98,-2.52,-0.35,0.07244673201154642,0.2644712106432862,0.9615473961400469,-0.015266130420552703,179.480841439776,8.476099455071637,149.20396527394544,1
1767126704.951,1,left_wrist,-0.0454,0.1244,-0.9794,1.47,-4.83,-0.14,0.03785461297092827,0.8284730047602418,-0.5560210450066118,-0.0551371577986478,172.86609466581797,2.8237261506893043,-67.91030698019794,1
1767126704.951,2,right_wrist,-0.1459,0.0098,-0.9584,0.98,-2.52,-0.35,0.07244673201154642,0.2644712106432862,0.9615473961400469,-0.015266130420552703,179.480841439776,8.476099455071637,149.20396527394544,1
1767126705.019,1,left_wrist,-0.0454,0.1244,-0.9794,1.47,-4.83,-0.14,0.03785461297092827,0.8284730047602418,-0.5560210450066118,-0.0551371577986478,172.86609466581797,2.8237261506893043,-67.91030698019794,1
1767126705.019,2,right_wrist,-0.1459,0.0098,-0.9584,0.98,-2.52,-0.35,0.07244673201154642,0.2644712106432862,0.9615473961400469,-0.015266130420552703,179.480841439776,8.476099455071637,149.20396527394544,1
1767126705.074,1,left_wrist,-0.0454,0.1244,-0.9794,1.47,-4.83,-0.14,0.03785461297092827,0.8284730047602418,-0.5560210450066118,-0.0551371577986478,172.86609466581797,2.8237261506893043,-67.91030698019794,1
1767126705.074,2,right_wrist,-0.1459,0.0098,-0.9584,0.98,-2.52,-0.35,0.07244673201154642,0.2644712106432862,0.9615473961400469,-0.015266130420552703,179.480841439776,8.476099455071637,149.20396527394544,1
1767126705.147,1,left_wrist,-0.0454,0.1244,-0.9794,1.47,-4.83,-0.14,0.03785461297092827,0.8284730047602418,-0.5560210450066118,-0.0551371577986478,172.86609466581797,2.8237261506893043,-67.91030698019794,1
1767126705.147,2,right_wrist,-0.1459,0.0098,-0.9584,0.98,-2.52,-0.35,0.07244673201154642,0.2644712106432862,0.9615473961400469,-0.015266130420552703,179.480841439776,8.476099455071637,149.20396527394544,1
1767126705.225,1,left_wrist,-0.0454,0.1244,-0.9794,1.47,-4.83,-0.14,0.03785461297092827,0.8284730047602418,-0.5560210450066118,-0.0551371577986478,172.86609466581797,2.8237261506893043,-67.91030698019794,1
1767126705.225,2,right_wrist,-0.1459,0.0098,-0.9584,0.98,-2.52,-0.35,0.07244673201154642,0.2644712106432862,0.9615473961400469,-0.015266130420552703,179.480841439776,8.476099455071637,149.20396527394544,1
1767126705.277,1,left_wrist,-0.0454,0.1244,-0.9794,1.47,-4.83,-0.14,0.03785461297092827,0.8284730047602418,-0.5560210450066118,-0.0551371577986478,172.86609466581797,2.8237261506893043,-67.91030698019794,1
1767126705.277,2,right_wrist,-0.1459,0.0098,-0.9584,0.98,-2.52,-0.35,0.07244673201154642,0.2644712106432862,0.9615473961400469,-0.015266130420552703,179.480841439776,8.476099455071637,149.20396527394544,1
1767126705.34,1,left_wrist,-0.0454,0.1244,-0.9794,1.47,-4.83,-0.14,0.03785461297092827,0.8284730047602418,-0.5560210450066118,-0.0551371577986478,172.86609466581797,2.8237261506893043,-67.91030698019794,1
1767126705.34,2,right_wrist,-0.1459,0.0098,-0.9584,0.98,-2.52,-0.35,0.07244673201154642,0.2644712106432862,0.9615473961400469,-0.015266130420552703,179.480841439776,8.476099455071637,149.20396527394544,1
1767126705.407,1,left_wrist,-0.0454,0.1244,-0.9794,1.47,-4.83,-0.14,0.03785461297092827,0.8284730047602418,-0.5560210450066118,-0.0551371577986478,172.86609466581797,2.8237261506893043,-67.91030698019794,1
1767126705.407,2,right_wrist,-0.1459,0.0098,-0.9584,0.98,-2.52,-0.35,0.07244673201154642,0.2644712106432862,0.9615473961400469,-0.015266130420552703,179.480841439776,8.476099455071637,149.20396527394544,1
1767126705.458,1,left_wrist,-0.0454,0.1244,-0.9794,1.47,-4.83,-0.14,0.03785461297092827,0.8284730047602418,-0.5560210450066118,-0.0551371577986478,172.86609466581797,2.8237261506893043,-67.91030698019794,1
1767126705.458,2,right_wrist,-0.1459,0.0098,-0.9584,0.98,-2.52,-0.35,0.07244673201154642,0.2644712106432862,0.9615473961400469,-0.015266130420552703,179.480841439776,8.476099455071637,149.20396527394544,1
1767126705.518,1,left_wrist,-0.0454,0.1244,-0.9794,1.47,-4.83,-0.14,0.03785461297092827,0.8284730047602418,-0.5560210450066118,-0.0551371577986478,172.86609466581797,2.8237261506893043,-67.91030698019794,1
1767126705.518,2,right_wrist,-0.1459,0.0098,-0.9584,0.98,-2.52,-0.35,0.07244673201154642,0.2644712106432862,0.9615473961400469,-0.015266130420552703,179.480841439776,8.476099455071637,149.20396527394544,1
1767126705.57,1,left_wrist,-0.0454,0.1244,-0.9794,1.47,-4.83,-0.14,0.03785461297092827,0.8284730047602418,-0.5560210450066118,-0.0551371577986478,172.86609466581797,2.8237261506893043,-67.91030698019794,1
1767126705.57,2,right_wrist,-0.1459,0.0098,-0.9584,0.98,-2.52,-0.35,0.07244673201154642,0.2644712106432862,0.9615473961400469,-0.015266130420552703,179.480841439776,8.476099455071637,149.20396527394544,1
1767126705.623,1,left_wrist,-0.0454,0.1244,-0.9794,1.47,-4.83,-0.14,0.03785461297092827,0.8284730047602418,-0.5560210450066118,-0.0551371577986478,172.86609466581797,2.8237261506893043,-67.91030698019794,1
1767126705.623,2,right_wrist,-0.1459,0.0098,-0.9584,0.98,-2.52,-0.35,0.07244673201154642,0.2644712106432862,0.9615473961400469,-0.015266130420552703,179.480841439776,8.476099455071637,149.20396527394544,1
1767126705.682,1,left_wrist,-0.0454,0.1244,-0.9794,1.47,-4.83,-0.14,0.03785461297092827,0.8284730047602418,-0.5560210450066118,-0.0551371577986478,172.86609466581797,2.8237261506893043,-67.91030698019794,1
1767126705.682,2,right_wrist,-0.1459,0.0098,-0.9584,0.98,-2.52,-0.35,0.07244673201154642,0.2644712106432862,0.9615473961400469,-0.015266130420552703,179.480841439776,8.476099455071637,149.20396527394544,1
1767126705.743,1,left_wrist,-0.0454,0.1244,-0.9794,1.47,-4.83,-0.14,0.03785461297092827,0.8284730047602418,-0.5560210450066118,-0.0551371577986478,172.86609466581797,2.8237261506893043,-67.91030698019794,1
1767126705.743,2,right_wrist,-0.1459,0.0098,-0.9584,0.98,-2.52,-0.35,0.07244673201154642,0.2644712106432862,0.9615473961400469,-0.015266130420552703,179.480841439776,8.476099455071637,149.20396527394544,1
1767126705.803,1,left_wrist,-0.0454,0.1244,-0.9794,1.47,-4.83,-0.14,0.03785461297092827,0.8284730047602418,-0.5560210450066118,-0.0551371577986478,172.86609466581797,2.8237261506893043,-67.91030698019794,1
1767126705.803,2,right_wrist,-0.1459,0.0098,-0.9584,0.98,-2.52,-0.35,0.07244673201154642,0.2644712106432862,0.9615473961400469,-0.015266130420552703,179.480841439776,8.476099455071637,149.20396527394544,1
1767126705.854,1,left_wrist,-0.0454,0.1244,-0.9794,1.47,-4.83,-0.14,0.03785461297092827,0.8284730047602418,-0.5560210450066118,-0.0551371577986478,172.86609466581797,2.8237261506893043,-67.91030698019794,1
1767126705.854,2,right_wrist,-0.1459,0.0098,-0.9584,0.98,-2.52,-0.35,0.07244673201154642,0.2644712106432862,0.9615473961400469,-0.015266130420552703,179.480841439776,8.476099455071637,149.20396527394544,1
1767126705.93,1,left_wrist,-0.0454,0.1244,-0.9794,1.47,-4.83,-0.14,0.03785461297092827,0.8284730047602418,-0.5560210450066118,-0.0551371577986478,172.86609466581797,2.8237261506893043,-67.91030698019794,1
1767126705.93,2,right_wrist,-0.1459,0.0098,-0.9584,0.98,-2.52,-0.35,0.07244673201154642,0.2644712106432862,0.9615473961400469,-0.015266130420552703,179.480841439776,8.476099455071637,149.20396527394544,1
1767126706.002,1,left_wrist,-0.0454,0.1244,-0.9794,1.47,-4.83,-0.14,0.03785461297092827,0.8284730047602418,-0.5560210450066118,-0.0551371577986478,172.86609466581797,2.8237261506893043,-67.91030698019794,1
1767126706.002,2,right_wrist,-0.1459,0.0098,-0.9584,0.98,-2.52,-0.35,0.07244673201154642,0.2644712106432862,0.9615473961400469,-0.015266130420552703,179.480841439776,8.476099455071637,149.20396527394544,1
1767126706.081,1,left_wrist,-0.0454,0.1244,-0.9794,1.47,-4.83,-0.14,0.03785461297092827,0.8284730047602418,-0.5560210450066118,-0.0551371577986478,172.86609466581797,2.8237261506893043,-67.91030698019794,1
1767126706.081,2,right_wrist,-0.1459,0.0098,-0.9584,0.98,-2.52,-0.35,0.07244673201154642,0.2644712106432862,0.9615473961400469,-0.015266130420552703,179.480841439776,8.476099455071637,149.20396527394544,1
1767126706.141,1,left_wrist,-0.0454,0.1244,-0.9794,1.47,-4.83,-0.14,0.03785461297092827,0.8284730047602418,-0.5560210450066118,-0.0551371577986478,172.86609466581797,2.8237261506893043,-67.91030698019794,1
1767126706.141,2,right_wrist,-0.1459,0.0098,-0.9584,0.98,-2.52,-0.35,0.07244673201154642,0.2644712106432862,0.9615473961400469,-0.015266130420552703,179.480841439776,8.476099455071637,149.20396527394544,1
1767126706.193,1,left_wrist,-0.0454,0.1244,-0.9794,1.47,-4.83,-0.14,0.03785461297092827,0.8284730047602418,-0.5560210450066118,-0.0551371577986478,172.86609466581797,2.8237261506893043,-67.91030698019794,1
1767126706.193,2,right_wrist,-0.1459,0.0098,-0.9584,0.98,-2.52,-0.35,0.07244673201154642,0.2644712106432862,0.9615473961400469,-0.015266130420552703,179.480841439776,8.476099455071637,149.20396527394544,1
1767126706.263,1,left_wrist,-0.0454,0.1244,-0.9794,1.47,-4.83,-0.14,0.03785461297092827,0.8284730047602418,-0.5560210450066118,-0.0551371577986478,172.86609466581797,2.8237261506893043,-67.91030698019794,1
1767126706.263,2,right_wrist,-0.1459,0.0098,-0.9584,0.98,-2.52,-0.35,0.07244673201154642,0.2644712106432862,0.9615473961400469,-0.015266130420552703,179.480841439776,8.476099455071637,149.20396527394544,1
1767126706.317,1,left_wrist,-0.0454,0.1244,-0.9794,1.47,-4.83,-0.14,0.03785461297092827,0.8284730047602418,-0.5560210450066118,-0.0551371577986478,172.86609466581797,2.8237261506893043,-67.91030698019794,1
1767126706.317,2,right_wrist,-0.1459,0.0098,-0.9584,0.98,-2.52,-0.35,0.07244673201154642,0.2644712106432862,0.9615473961400469,-0.015266130420552703,179.480841439776,8.476099455071637,149.20396527394544,1
1767126706.382,1,left_wrist,-0.0454,0.1244,-0.9794,1.47,-4.83,-0.14,0.03785461297092827,0.8284730047602418,-0.5560210450066118,-0.0551371577986478,172.86609466581797,2.8237261506893043,-67.91030698019794,1
1767126706.382,2,right_wrist,-0.1459,0.0098,-0.9584,0.98,-2.52,-0.35,0.07244673201154642,0.2644712106432862,0.9615473961400469,-0.015266130420552703,179.480841439776,8.476099455071637,149.20396527394544,1
1767126706.404,1,left_wrist,-0.0454,0.1244,-0.9794,1.47,-4.83,-0.14,0.03785461297092827,0.8284730047602418,-0.5560210450066118,-0.0551371577986478,172.86609466581797,2.8237261506893043,-67.91030698019794,2
1767126706.404,2,right_wrist,-0.1459,0.0098,-0.9584,0.98,-2.52,-0.35,0.07244673201154642,0.2644712106432862,0.9615473961400469,-0.015266130420552703,179.480841439776,8.476099455071637,149.20396527394544,2
1767126708.241,1,left_wrist,-0.0454,0.1244,-0.9794,1.47,-4.83,-0.14,0.03785461297092827,0.8284730047602418,-0.5560210450066118,-0.0551371577986478,172.86609466581797,2.8237261506893043,-67.91030698019794,3
1767126708.241,2,right_wrist,-0.1459,0.0098,-0.9584,0.98,-2.52,-0.35,0.07244673201154642,0.2644712106432862,0.9615473961400469,-0.015266130420552703,179.480841439776,8.476099455071637,149.20396527394544,3
1767126711.929,1,left_wrist,-0.0454,0.1244,-0.9794,1.47,-4.83,-0.14,0.03785461297092827,0.8284730047602418,-0.5560210450066118,-0.0551371577986478,172.86609466581797,2.8237261506893043,-67.91030698019794,4
1767126711.929,2,right_wrist,-0.1459,0.0098,-0.9584,0.98,-2.52,-0.35,0.07244673201154642,0.2644712106432862,0.9615473961400469,-0.015266130420552703,179.480841439776,8.476099455071637,149.20396527394544,4
1767126715.093,1,left_wrist,-0.0454,0.1244,-0.9794,1.47,-4.83,-0.14,0.03785461297092827,0.8284730047602418,-0.5560210450066118,-0.0551371577986478,172.86609466581797,2.8237261506893043,-67.91030698019794,5
1767126715.093,2,right_wrist,-0.1459,0.0098,-0.9584,0.98,-2.52,-0.35,0.07244673201154642,0.2644712106432862,0.9615473961400469,-0.015266130420552703,179.480841439776,8.476099455071637,149.20396527394544,5
1767126731.637,1,left_wrist,-0.0454,0.1244,-0.9794,1.47,-4.83,-0.14,0.03785461297092827,0.8284730047602418,-0.5560210450066118,-0.0551371577986478,172.86609466581797,2.8237261506893043,-67.91030698019794,6
1767126731.637,2,right_wrist,-0.1459,0.0098,-0.9584,0.98,-2.52,-0.35,0.07244673201154642,0.2644712106432862,0.9615473961400469,-0.015266130420552703,179.480841439776,8.476099455071637,149.20396527394544,6
1767126731.702,1,left_wrist,-0.0454,0.1244,-0.9794,1.47,-4.83,-0.14,0.03785461297092827,0.8284730047602418,-0.5560210450066118,-0.0551371577986478,172.86609466581797,2.8237261506893043,-67.91030698019794,6
1767126731.702,2,right_wrist,-0.1459,0.0098,-0.9584,0.98,-2.52,-0.35,0.07244673201154642,0.2644712106432862,0.9615473961400469,-0.015266130420552703,179.480841439776,8.476099455071637,149.20396527394544,6
1767126731.752,1,left_wrist,-0.0454,0.1244,-0.9794,1.47,-4.83,-0.14,0.03785461297092827,0.8284730047602418,-0.5560210450066118,-0.0551371577986478,172.86609466581797,2.8237261506893043,-67.91030698019794,6
1767126731.752,2,right_wrist,-0.1459,0.0098,-0.9584,0.98,-2.52,-0.35,0.07244673201154642,0.2644712106432862,0.9615473961400469,-0.015266130420552703,179.480841439776,8.476099455071637,149.20396527394544,6
1767126731.806,1,left_wrist,-0.0454,0.1244,-0.9794,1.47,-4.83,-0.14,0.03785461297092827,0.8284730047602418,-0.5560210450066118,-0.0551371577986478,172.86609466581797,2.8237261506893043,-67.91030698019794,6
1767126731.806,2,right_wrist,-0.1459,0.0098,-0.9584,0.98,-2.52,-0.35,0.07244673201154642,0.2644712106432862,0.9615473961400469,-0.015266130420552703,179.480841439776,8.476099455071637,149.20396527394544,6
1767126731.869,1,left_wrist,-0.0454,0.1244,-0.9794,1.47,-4.83,-0.14,0.03785461297092827,0.8284730047602418,-0.5560210450066118,-0.0551371577986478,172.86609466581797,2.8237261506893043,-67.91030698019794,6
1767126731.869,2,right_wrist,-0.1459,0.0098,-0.9584,0.98,-2.52,-0.35,0.07244673201154642,0.2644712106432862,0.9615473961400469,-0.015266130420552703,179.480841439776,8.476099455071637,149.20396527394544,6
1767126731.925,1,left_wrist,-0.0454,0.1244,-0.9794,1.47,-4.83,-0.14,0.03785461297092827,0.8284730047602418,-0.5560210450066118,-0.0551371577986478,172.86609466581797,2.8237261506893043,-67.91030698019794,6
1767126731.925,2,right_wrist,-0.1459,0.0098,-0.9584,0.98,-2.52,-0.35,0.07244673201154642,0.2644712106432862,0.9615473961400469,-0.015266130420552703,179.480841439776,8.476099455071637,149.20396527394544,6
1767126731.988,1,left_wrist,-0.0454,0.1244,-0.9794,1.47,-4.83,-0.14,0.03785461297092827,0.8284730047602418,-0.5560210450066118,-0.0551371577986478,172.86609466581797,2.8237261506893043,-67.91030698019794,6
1767126731.988,2,right_wrist,-0.1459,0.0098,-0.9584,0.98,-2.52,-0.35,0.07244673201154642,0.2644712106432862,0.9615473961400469,-0.015266130420552703,179.480841439776,8.476099455071637,149.20396527394544,6
1767126732.042,1,left_wrist,-0.0454,0.1244,-0.9794,1.47,-4.83,-0.14,0.03785461297092827,0.8284730047602418,-0.5560210450066118,-0.0551371577986478,172.86609466581797,2.8237261506893043,-67.91030698019794,6
1767126732.042,2,right_wrist,-0.1459,0.0098,-0.9584,0.98,-2.52,-0.35,0.07244673201154642,0.2644712106432862,0.9615473961400469,-0.015266130420552703,179.480841439776,8.476099455071637,149.20396527394544,6
1767126732.111,1,left_wrist,-0.0454,0.1244,-0.9794,1.47,-4.83,-0.14,0.03785461297092827,0.8284730047602418,-0.5560210450066118,-0.0551371577986478,172.86609466581797,2.8237261506893043,-67.91030698019794,6
1767126732.111,2,right_wrist,-0.1459,0.0098,-0.9584,0.98,-2.52,-0.35,0.07244673201154642,0.2644712106432862,0.9615473961400469,-0.015266130420552703,179.480841439776,8.476099455071637,149.20396527394544,6
1767126732.162,1,left_wrist,-0.0454,0.1244,-0.9794,1.47,-4.83,-0.14,0.03785461297092827,0.8284730047602418,-0.5560210450066118,-0.0551371577986478,172.86609466581797,2.8237261506893043,-67.91030698019794,6
1767126732.162,2,right_wrist,-0.1459,0.0098,-0.9584,0.98,-2.52,-0.35,0.07244673201154642,0.2644712106432862,0.9615473961400469,-0.015266130420552703,179.480841439776,8.476099455071637,149.20396527394544,6
1767126732.222,1,left_wrist,-0.0454,0.1244,-0.9794,1.47,-4.83,-0.14,0.03785461297092827,0.8284730047602418,-0.5560210450066118,-0.0551371577986478,172.86609466581797,2.8237261506893043,-67.91030698019794,6
1767126732.222,2,right_wrist,-0.1459,0.0098,-0.9584,0.98,-2.52,-0.35,0.07244673201154642,0.2644712106432862,0.9615473961400469,-0.015266130420552703,179.480841439776,8.476099455071637,149.20396527394544,6
1767126732.29,1,left_wrist,-0.0454,0.1244,-0.9794,1.47,-4.83,-0.14,0.03785461297092827,0.8284730047602418,-0.5560210450066118,-0.0551371577986478,172.86609466581797,2.8237261506893043,-67.91030698019794,6
1767126732.29,2,right_wrist,-0.1459,0.0098,-0.9584,0.98,-2.52,-0.35,0.07244673201154642,0.2644712106432862,0.9615473961400469,-0.015266130420552703,179.480841439776,8.476099455071637,149.20396527394544,6
1767126732.355,1,left_wrist,-0.0454,0.1244,-0.9794,1.47,-4.83,-0.14,0.03785461297092827,0.8284730047602418,-0.5560210450066118,-0.0551371577986478,172.86609466581797,2.8237261506893043,-67.91030698019794,6
1767126732.355,2,right_wrist,-0.1459,0.0098,-0.9584,0.98,-2.52,-0.35,0.07244673201154642,0.2644712106432862,0.9615473961400469,-0.015266130420552703,179.480841439776,8.476099455071637,149.20396527394544,6
1767126732.42,1,left_wrist,-0.0454,0.1244,-0.9794,1.47,-4.83,-0.14,0.03785461297092827,0.8284730047602418,-0.5560210450066118,-0.0551371577986478,172.86609466581797,2.8237261506893043,-67.91030698019794,6
1767126732.42,2,right_wrist,-0.1459,0.0098,-0.9584,0.98,-2.52,-0.35,0.07244673201154642,0.2644712106432862,0.9615473961400469,-0.015266130420552703,179.480841439776,8.476099455071637,149.20396527394544,6
1767126732.489,1,left_wrist,-0.0454,0.1244,-0.9794,1.47,-4.83,-0.14,0.03785461297092827,0.8284730047602418,-0.5560210450066118,-0.0551371577986478,172.86609466581797,2.8237261506893043,-67.91030698019794,6
1767126732.489,2,right_wrist,-0.1459,0.0098,-0.9584,0.98,-2.52,-0.35,0.07244673201154642,0.2644712106432862,0.9615473961400469,-0.015266130420552703,179.480841439776,8.476099455071637,149.20396527394544,6
1767126732.543,1,left_wrist,-0.0454,0.1244,-0.9794,1.47,-4.83,-0.14,0.03785461297092827,0.8284730047602418,-0.5560210450066118,-0.0551371577986478,172.86609466581797,2.8237261506893043,-67.91030698019794,6
1767126732.543,2,right_wrist,-0.1459,0.0098,-0.9584,0.98,-2.52,-0.35,0.07244673201154642,0.2644712106432862,0.9615473961400469,-0.015266130420552703,179.480841439776,8.476099455071637,149.20396527394544,6
1767126732.606,1,left_wrist,-0.0454,0.1244,-0.9794,1.47,-4.83,-0.14,0.03785461297092827,0.8284730047602418,-0.5560210450066118,-0.0551371577986478,172.86609466581797,2.8237261506893043,-67.91030698019794,6
1767126732.606,2,right_wrist,-0.1459,0.0098,-0.9584,0.98,-2.52,-0.35,0.07244673201154642,0.2644712106432862,0.9615473961400469,-0.015266130420552703,179.480841439776,8.476099455071637,149.20396527394544,6
1767126732.67,1,left_wrist,-0.0454,0.1244,-0.9794,1.47,-4.83,-0.14,0.03785461297092827,0.8284730047602418,-0.5560210450066118,-0.0551371577986478,172.86609466581797,2.8237261506893043,-67.91030698019794,6
1767126732.67,2,right_wrist,-0.1459,0.0098,-0.9584,0.98,-2.52,-0.35,0.07244673201154642,0.2644712106432862,0.9615473961400469,-0.015266130420552703,179.480841439776,8.476099455071637,149.20396527394544,6
1767126732.721,1,left_wrist,-0.0454,0.1244,-0.9794,1.47,-4.83,-0.14,0.03785461297092827,0.8284730047602418,-0.5560210450066118,-0.0551371577986478,172.86609466581797,2.8237261506893043,-67.91030698019794,6
1767126732.721,2,right_wrist,-0.1459,0.0098,-0.9584,0.98,-2.52,-0.35,0.07244673201154642,0.2644712106432862,0.9615473961400469,-0.015266130420552703,179.480841439776,8.476099455071637,149.20396527394544,6
1767126732.776,1,left_wrist,-0.0454,0.1244,-0.9794,1.47,-4.83,-0.14,0.03785461297092827,0.8284730047602418,-0.5560210450066118,-0.0551371577986478,172.86609466581797,2.8237261506893043,-67.91030698019794,6
1767126732.776,2,right_wrist,-0.1459,0.0098,-0.9584,0.98,-2.52,-0.35,0.07244673201154642,0.2644712106432862,0.9615473961400469,-0.015266130420552703,179.480841439776,8.476099455071637,149.20396527394544,6
1767126732.836,1,left_wrist,-0.0454,0.1244,-0.9794,1.47,-4.83,-0.14,0.03785461297092827,0.8284730047602418,-0.5560210450066118,-0.0551371577986478,172.86609466581797,2.8237261506893043,-67.91030698019794,6
1767126732.836,2,right_wrist,-0.1459,0.0098,-0.9584,0.98,-2.52,-0.35,0.07244673201154642,0.2644712106432862,0.9615473961400469,-0.015266130420552703,179.480841439776,8.476099455071637,149.20396527394544,6
1767126732.888,1,left_wrist,-0.0454,0.1244,-0.9794,1.47,-4.83,-0.14,0.03785461297092827,0.8284730047602418,-0.5560210450066118,-0.0551371577986478,172.86609466581797,2.8237261506893043,-67.91030698019794,6
1767126732.888,2,right_wrist,-0.1459,0.0098,-0.9584,0.98,-2.52,-0.35,0.07244673201154642,0.2644712106432862,0.9615473961400469,-0.015266130420552703,179.480841439776,8.476099455071637,149.20396527394544,6
1767126732.939,1,left_wrist,-0.0454,0.1244,-0.9794,1.47,-4.83,-0.14,0.03785461297092827,0.8284730047602418,-0.5560210450066118,-0.0551371577986478,172.86609466581797,2.8237261506893043,-67.91030698019794,6
1767126732.939,2,right_wrist,-0.1459,0.0098,-0.9584,0.98,-2.52,-0.35,0.07244673201154642,0.2644712106432862,0.9615473961400469,-0.015266130420552703,179.480841439776,8.476099455071637,149.20396527394544,6
1767126732.991,1,left_wrist,-0.0454,0.1244,-0.9794,1.47,-4.83,-0.14,0.03785461297092827,0.8284730047602418,-0.5560210450066118,-0.0551371577986478,172.86609466581797,2.8237261506893043,-67.91030698019794,6
1767126732.991,2,right_wrist,-0.1459,0.0098,-0.9584,0.98,-2.52,-0.35,0.07244673201154642,0.2644712106432862,0.9615473961400469,-0.015266130420552703,179.480841439776,8.476099455071637,149.20396527394544,6
1767126733.052,1,left_wrist,-0.0454,0.1244,-0.9794,1.47,-4.83,-0.14,0.03785461297092827,0.8284730047602418,-0.5560210450066118,-0.0551371577986478,172.86609466581797,2.8237261506893043,-67.91030698019794,6
1767126733.052,2,right_wrist,-0.1459,0.0098,-0.9584,0.98,-2.52,-0.35,0.07244673201154642,0.2644712106432862,0.9615473961400469,-0.015266130420552703,179.480841439776,8.476099455071637,149.20396527394544,6
1767126733.112,1,left_wrist,-0.0454,0.1244,-0.9794,1.47,-4.83,-0.14,0.03785461297092827,0.8284730047602418,-0.5560210450066118,-0.0551371577986478,172.86609466581797,2.8237261506893043,-67.91030698019794,6
1767126733.112,2,right_wrist,-0.1459,0.0098,-0.9584,0.98,-2.52,-0.35,0.07244673201154642,0.2644712106432862,0.9615473961400469,-0.015266130420552703,179.480841439776,8.476099455071637,149.20396527394544,6
1767126733.165,1,left_wrist,-0.0454,0.1244,-0.9794,1.47,-4.83,-0.14,0.03785461297092827,0.8284730047602418,-0.5560210450066118,-0.0551371577986478,172.86609466581797,2.8237261506893043,-67.91030698019794,6
1767126733.165,2,right_wrist,-0.1459,0.0098,-0.9584,0.98,-2.52,-0.35,0.07244673201154642,0.2644712106432862,0.9615473961400469,-0.015266130420552703,179.480841439776,8.476099455071637,149.20396527394544,6
1767126733.229,1,left_wrist,-0.0454,0.1244,-0.9794,1.47,-4.83,-0.14,0.03785461297092827,0.8284730047602418,-0.5560210450066118,-0.0551371577986478,172.86609466581797,2.8237261506893043,-67.91030698019794,6
1767126733.229,2,right_wrist,-0.1459,0.0098,-0.9584,0.98,-2.52,-0.35,0.07244673201154642,0.2644712106432862,0.9615473961400469,-0.015266130420552703,179.480841439776,8.476099455071637,149.20396527394544,6
1767126733.294,1,left_wrist,-0.0454,0.1244,-0.9794,1.47,-4.83,-0.14,0.03785461297092827,0.8284730047602418,-0.5560210450066118,-0.0551371577986478,172.86609466581797,2.8237261506893043,-67.91030698019794,6
1767126733.294,2,right_wrist,-0.1459,0.0098,-0.9584,0.98,-2.52,-0.35,0.07244673201154642,0.2644712106432862,0.9615473961400469,-0.015266130420552703,179.480841439776,8.476099455071637,149.20396527394544,6
1767126733.354,1,left_wrist,-0.0454,0.1244,-0.9794,1.47,-4.83,-0.14,0.03785461297092827,0.8284730047602418,-0.5560210450066118,-0.0551371577986478,172.86609466581797,2.8237261506893043,-67.91030698019794,6
1767126733.354,2,right_wrist,-0.1459,0.0098,-0.9584,0.98,-2.52,-0.35,0.07244673201154642,0.2644712106432862,0.9615473961400469,-0.015266130420552703,179.480841439776,8.476099455071637,149.20396527394544,6
1767126733.407,1,left_wrist,-0.0454,0.1244,-0.9794,1.47,-4.83,-0.14,0.03785461297092827,0.8284730047602418,-0.5560210450066118,-0.0551371577986478,172.86609466581797,2.8237261506893043,-67.91030698019794,6
1767126733.407,2,right_wrist,-0.1459,0.0098,-0.9584,0.98,-2.52,-0.35,0.07244673201154642,0.2644712106432862,0.9615473961400469,-0.015266130420552703,179.480841439776,8.476099455071637,149.20396527394544,6
1767126733.461,1,left_wrist,-0.0454,0.1244,-0.9794,1.47,-4.83,-0.14,0.03785461297092827,0.8284730047602418,-0.5560210450066118,-0.0551371577986478,172.86609466581797,2.8237261506893043,-67.91030698019794,6
1767126733.461,2,right_wrist,-0.1459,0.0098,-0.9584,0.98,-2.52,-0.35,0.07244673201154642,0.2644712106432862,0.9615473961400469,-0.015266130420552703,179.480841439776,8.476099455071637,149.20396527394544,6
1767126733.52,1,left_wrist,-0.0454,0.1244,-0.9794,1.47,-4.83,-0.14,0.03785461297092827,0.8284730047602418,-0.5560210450066118,-0.0551371577986478,172.86609466581797,2.8237261506893043,-67.91030698019794,6
1767126733.52,2,right_wrist,-0.1459,0.0098,-0.9584,0.98,-2.52,-0.35,0.07244673201154642,0.2644712106432862,0.9615473961400469,-0.015266130420552703,179.480841439776,8.476099455071637,149.20396527394544,6
1767126733.574,1,left_wrist,-0.0454,0.1244,-0.9794,1.47,-4.83,-0.14,0.03785461297092827,0.8284730047602418,-0.5560210450066118,-0.0551371577986478,172.86609466581797,2.8237261506893043,-67.91030698019794,6
1767126733.574,2,right_wrist,-0.1459,0.0098,-0.9584,0.98,-2.52,-0.35,0.07244673201154642,0.2644712106432862,0.9615473961400469,-0.015266130420552703,179.480841439776,8.476099455071637,149.20396527394544,6
1767126733.634,1,left_wrist,-0.0454,0.1244,-0.9794,1.47,-4.83,-0.14,0.03785461297092827,0.8284730047602418,-0.5560210450066118,-0.0551371577986478,172.86609466581797,2.8237261506893043,-67.91030698019794,6
1767126733.634,2,right_wrist,-0.1459,0.0098,-0.9584,0.98,-2.52,-0.35,0.07244673201154642,0.2644712106432862,0.9615473961400469,-0.015266130420552703,179.480841439776,8.476099455071637,149.20396527394544,6
1767126733.7,1,left_wrist,-0.0454,0.1244,-0.9794,1.47,-4.83,-0.14,0.03785461297092827,0.8284730047602418,-0.5560210450066118,-0.0551371577986478,172.86609466581797,2.8237261506893043,-67.91030698019794,6
1767126733.7,2,right_wrist,-0.1459,0.0098,-0.9584,0.98,-2.52,-0.35,0.07244673201154642,0.2644712106432862,0.9615473961400469,-0.015266130420552703,179.480841439776,8.476099455071637,149.20396527394544,6
1767126733.729,1,left_wrist,-0.0454,0.1244,-0.9794,1.47,-4.83,-0.14,0.03785461297092827,0.8284730047602418,-0.5560210450066118,-0.0551371577986478,172.86609466581797,2.8237261506893043,-67.91030698019794,7
1767126733.729,2,right_wrist,-0.1459,0.0098,-0.9584,0.98,-2.52,-0.35,0.07244673201154642,0.2644712106432862,0.9615473961400469,-0.015266130420552703,179.480841439776,8.476099455071637,149.20396527394544,7
1767126736.02,1,left_wrist,-0.0454,0.1244,-0.9794,1.47,-4.83,-0.14,0.03785461297092827,0.8284730047602418,-0.5560210450066118,-0.0551371577986478,172.86609466581797,2.8237261506893043,-67.91030698019794,8
1767126736.02,2,right_wrist,-0.1459,0.0098,-0.9584,0.98,-2.52,-0.35,0.07244673201154642,0.2644712106432862,0.9615473961400469,-0.015266130420552703,179.480841439776,8.476099455071637,149.20396527394544,8
1767126738.856,1,left_wrist,-0.0454,0.1244,-0.9794,1.47,-4.83,-0.14,0.03785461297092827,0.8284730047602418,-0.5560210450066118,-0.0551371577986478,172.86609466581797,2.8237261506893043,-67.91030698019794,9
1767126738.856,2,right_wrist,-0.1459,0.0098,-0.9584,0.98,-2.52,-0.35,0.07244673201154642,0.2644712106432862,0.9615473961400469,-0.015266130420552703,179.480841439776,8.476099455071637,149.20396527394544,9
1767126742.821,1,left_wrist,-0.0454,0.1244,-0.9794,1.47,-4.83,-0.14,0.03785461297092827,0.8284730047602418,-0.5560210450066118,-0.0551371577986478,172.86609466581797,2.8237261506893043,-67.91030698019794,10
1767126742.821,2,right_wrist,-0.1459,0.0098,-0.9584,0.98,-2.52,-0.35,0.07244673201154642,0.2644712106432862,0.9615473961400469,-0.015266130420552703,179.480841439776,8.476099455071637,149.20396527394544,10
1767126757.655,1,left_wrist,-0.0454,0.1244,-0.9794,1.47,-4.83,-0.14,0.03785461297092827,0.8284730047602418,-0.5560210450066118,-0.0551371577986478,172.86609466581797,2.8237261506893043,-67.91030698019794,11
1767126757.655,2,right_wrist,-0.1459,0.0098,-0.9584,0.98,-2.52,-0.35,0.07244673201154642,0.2644712106432862,0.9615473961400469,-0.015266130420552703,179.480841439776,8.476099455071637,149.20396527394544,11
1767126757.723,1,left_wrist,-0.0454,0.1244,-0.9794,1.47,-4.83,-0.14,0.03785461297092827,0.8284730047602418,-0.5560210450066118,-0.0551371577986478,172.86609466581797,2.8237261506893043,-67.91030698019794,11
1767126757.723,2,right_wrist,-0.1459,0.0098,-0.9584,0.98,-2.52,-0.35,0.07244673201154642,0.2644712106432862,0.9615473961400469,-0.015266130420552703,179.480841439776,8.476099455071637,149.20396527394544,11
1767126757.782,1,left_wrist,-0.0454,0.1244,-0.9794,1.47,-4.83,-0.14,0.03785461297092827,0.8284730047602418,-0.5560210450066118,-0.0551371577986478,172.86609466581797,2.8237261506893043,-67.91030698019794,11
1767126757.782,2,right_wrist,-0.1459,0.0098,-0.9584,0.98,-2.52,-0.35,0.07244673201154642,0.2644712106432862,0.9615473961400469,-0.015266130420552703,179.480841439776,8.476099455071637,149.20396527394544,11
1767126757.844,1,left_wrist,-0.0454,0.1244,-0.9794,1.47,-4.83,-0.14,0.03785461297092827,0.8284730047602418,-0.5560210450066118,-0.0551371577986478,172.86609466581797,2.8237261506893043,-67.91030698019794,11
1767126757.844,2,right_wrist,-0.1459,0.0098,-0.9584,0.98,-2.52,-0.35,0.07244673201154642,0.2644712106432862,0.9615473961400469,-0.015266130420552703,179.480841439776,8.476099455071637,149.20396527394544,11
1767126757.9,1,left_wrist,-0.0454,0.1244,-0.9794,1.47,-4.83,-0.14,0.03785461297092827,0.8284730047602418,-0.5560210450066118,-0.0551371577986478,172.86609466581797,2.8237261506893043,-67.91030698019794,11
1767126757.9,2,right_wrist,-0.1459,0.0098,-0.9584,0.98,-2.52,-0.35,0.07244673201154642,0.2644712106432862,0.9615473961400469,-0.015266130420552703,179.480841439776,8.476099455071637,149.20396527394544,11
1767126757.964,1,left_wrist,-0.0454,0.1244,-0.9794,1.47,-4.83,-0.14,0.03785461297092827,0.8284730047602418,-0.5560210450066118,-0.0551371577986478,172.86609466581797,2.8237261506893043,-67.91030698019794,11
1767126757.964,2,right_wrist,-0.1459,0.0098,-0.9584,0.98,-2.52,-0.35,0.07244673201154642,0.2644712106432862,0.9615473961400469,-0.015266130420552703,179.480841439776,8.476099455071637,149.20396527394544,11
1767126758.02,1,left_wrist,-0.0454,0.1244,-0.9794,1.47,-4.83,-0.14,0.03785461297092827,0.8284730047602418,-0.5560210450066118,-0.0551371577986478,172.86609466581797,2.8237261506893043,-67.91030698019794,11
1767126758.02,2,right_wrist,-0.1459,0.0098,-0.9584,0.98,-2.52,-0.35,0.07244673201154642,0.2644712106432862,0.9615473961400469,-0.015266130420552703,179.480841439776,8.476099455071637,149.20396527394544,11
1767126758.075,1,left_wrist,-0.0454,0.1244,-0.9794,1.47,-4.83,-0.14,0.03785461297092827,0.8284730047602418,-0.5560210450066118,-0.0551371577986478,172.86609466581797,2.8237261506893043,-67.91030698019794,11
1767126758.075,2,right_wrist,-0.1459,0.0098,-0.9584,0.98,-2.52,-0.35,0.07244673201154642,0.2644712106432862,0.9615473961400469,-0.015266130420552703,179.480841439776,8.476099455071637,149.20396527394544,11
1767126758.132,1,left_wrist,-0.0454,0.1244,-0.9794,1.47,-4.83,-0.14,0.03785461297092827,0.8284730047602418,-0.5560210450066118,-0.0551371577986478,172.86609466581797,2.8237261506893043,-67.91030698019794,11
1767126758.132,2,right_wrist,-0.1459,0.0098,-0.9584,0.98,-2.52,-0.35,0.07244673201154642,0.2644712106432862,0.9615473961400469,-0.015266130420552703,179.480841439776,8.476099455071637,149.20396527394544,11
1767126758.194,1,left_wrist,-0.0454,0.1244,-0.9794,1.47,-4.83,-0.14,0.03785461297092827,0.8284730047602418,-0.5560210450066118,-0.0551371577986478,172.86609466581797,2.8237261506893043,-67.91030698019794,11
1767126758.194,2,right_wrist,-0.1459,0.0098,-0.9584,0.98,-2.52,-0.35,0.07244673201154642,0.2644712106432862,0.9615473961400469,-0.015266130420552703,179.480841439776,8.476099455071637,149.20396527394544,11
1767126758.244,1,left_wrist,-0.0454,0.1244,-0.9794,1.47,-4.83,-0.14,0.03785461297092827,0.8284730047602418,-0.5560210450066118,-0.0551371577986478,172.86609466581797,2.8237261506893043,-67.91030698019794,11
1767126758.244,2,right_wrist,-0.1459,0.0098,-0.9584,0.98,-2.52,-0.35,0.07244673201154642,0.2644712106432862,0.9615473961400469,-0.015266130420552703,179.480841439776,8.476099455071637,149.20396527394544,11
1767126758.312,1,left_wrist,-0.0454,0.1244,-0.9794,1.47,-4.83,-0.14,0.03785461297092827,0.8284730047602418,-0.5560210450066118,-0.0551371577986478,172.86609466581797,2.8237261506893043,-67.91030698019794,11
1767126758.312,2,right_wrist,-0.1459,0.0098,-0.9584,0.98,-2.52,-0.35,0.07244673201154642,0.2644712106432862,0.9615473961400469,-0.015266130420552703,179.480841439776,8.476099455071637,149.20396527394544,11
1767126758.374,1,left_wrist,-0.0454,0.1244,-0.9794,1.47,-4.83,-0.14,0.03785461297092827,0.8284730047602418,-0.5560210450066118,-0.0551371577986478,172.86609466581797,2.8237261506893043,-67.91030698019794,11
1767126758.374,2,right_wrist,-0.1459,0.0098,-0.9584,0.98,-2.52,-0.35,0.07244673201154642,0.2644712106432862,0.9615473961400469,-0.015266130420552703,179.480841439776,8.476099455071637,149.20396527394544,11
1767126758.432,1,left_wrist,-0.0454,0.1244,-0.9794,1.47,-4.83,-0.14,0.03785461297092827,0.8284730047602418,-0.5560210450066118,-0.0551371577986478,172.86609466581797,2.8237261506893043,-67.91030698019794,11
1767126758.432,2,right_wrist,-0.1459,0.0098,-0.9584,0.98,-2.52,-0.35,0.07244673201154642,0.2644712106432862,0.9615473961400469,-0.015266130420552703,179.480841439776,8.476099455071637,149.20396527394544,11
1767126758.484,1,left_wrist,-0.0454,0.1244,-0.9794,1.47,-4.83,-0.14,0.03785461297092827,0.8284730047602418,-0.5560210450066118,-0.0551371577986478,172.86609466581797,2.8237261506893043,-67.91030698019794,11
1767126758.484,2,right_wrist,-0.1459,0.0098,-0.9584,0.98,-2.52,-0.35,0.07244673201154642,0.2644712106432862,0.9615473961400469,-0.015266130420552703,179.480841439776,8.476099455071637,149.20396527394544,11
1767126758.538,1,left_wrist,-0.0454,0.1244,-0.9794,1.47,-4.83,-0.14,0.03785461297092827,0.8284730047602418,-0.5560210450066118,-0.0551371577986478,172.86609466581797,2.8237261506893043,-67.91030698019794,11
1767126758.538,2,right_wrist,-0.1459,0.0098,-0.9584,0.98,-2.52,-0.35,0.07244673201154642,0.2644712106432862,0.9615473961400469,-0.015266130420552703,179.480841439776,8.476099455071637,149.20396527394544,11
1767126758.599,1,left_wrist,-0.0454,0.1244,-0.9794,1.47,-4.83,-0.14,0.03785461297092827,0.8284730047602418,-0.5560210450066118,-0.0551371577986478,172.86609466581797,2.8237261506893043,-67.91030698019794,11
1767126758.599,2,right_wrist,-0.1459,0.0098,-0.9584,0.98,-2.52,-0.35,0.07244673201154642,0.2644712106432862,0.9615473961400469,-0.015266130420552703,179.480841439776,8.476099455071637,149.20396527394544,11
1767126758.655,1,left_wrist,-0.0454,0.1244,-0.9794,1.47,-4.83,-0.14,0.03785461297092827,0.8284730047602418,-0.5560210450066118,-0.0551371577986478,172.86609466581797,2.8237261506893043,-67.91030698019794,11
1767126758.655,2,right_wrist,-0.1459,0.0098,-0.9584,0.98,-2.52,-0.35,0.07244673201154642,0.2644712106432862,0.9615473961400469,-0.015266130420552703,179.480841439776,8.476099455071637,149.20396527394544,11
1767126758.705,1,left_wrist,-0.0454,0.1244,-0.9794,1.47,-4.83,-0.14,0.03785461297092827,0.8284730047602418,-0.5560210450066118,-0.0551371577986478,172.86609466581797,2.8237261506893043,-67.91030698019794,11
1767126758.705,2,right_wrist,-0.1459,0.0098,-0.9584,0.98,-2.52,-0.35,0.07244673201154642,0.2644712106432862,0.9615473961400469,-0.015266130420552703,179.480841439776,8.476099455071637,149.20396527394544,11
1767126758.757,1,left_wrist,-0.0454,0.1244,-0.9794,1.47,-4.83,-0.14,0.03785461297092827,0.8284730047602418,-0.5560210450066118,-0.0551371577986478,172.86609466581797,2.8237261506893043,-67.91030698019794,11
1767126758.757,2,right_wrist,-0.1459,0.0098,-0.9584,0.98,-2.52,-0.35,0.07244673201154642,0.2644712106432862,0.9615473961400469,-0.015266130420552703,179.480841439776,8.476099455071637,149.20396527394544,11
1767126758.812,1,left_wrist,-0.0454,0.1244,-0.9794,1.47,-4.83,-0.14,0.03785461297092827,0.8284730047602418,-0.5560210450066118,-0.0551371577986478,172.86609466581797,2.8237261506893043,-67.91030698019794,11
1767126758.812,2,right_wrist,-0.1459,0.0098,-0.9584,0.98,-2.52,-0.35,0.07244673201154642,0.2644712106432862,0.9615473961400469,-0.015266130420552703,179.480841439776,8.476099455071637,149.20396527394544,11
1767126758.871,1,left_wrist,-0.0454,0.1244,-0.9794,1.47,-4.83,-0.14,0.03785461297092827,0.8284730047602418,-0.5560210450066118,-0.0551371577986478,172.86609466581797,2.8237261506893043,-67.91030698019794,11
1767126758.871,2,right_wrist,-0.1459,0.0098,-0.9584,0.98,-2.52,-0.35,0.07244673201154642,0.2644712106432862,0.9615473961400469,-0.015266130420552703,179.480841439776,8.476099455071637,149.20396527394544,11
1767126758.921,1,left_wrist,-0.0454,0.1244,-0.9794,1.47,-4.83,-0.14,0.03785461297092827,0.8284730047602418,-0.5560210450066118,-0.0551371577986478,172.86609466581797,2.8237261506893043,-67.91030698019794,11
1767126758.921,2,right_wrist,-0.1459,0.0098,-0.9584,0.98,-2.52,-0.35,0.07244673201154642,0.2644712106432862,0.9615473961400469,-0.015266130420552703,179.480841439776,8.476099455071637,149.20396527394544,11
1767126758.98,1,left_wrist,-0.0454,0.1244,-0.9794,1.47,-4.83,-0.14,0.03785461297092827,0.8284730047602418,-0.5560210450066118,-0.0551371577986478,172.86609466581797,2.8237261506893043,-67.91030698019794,11
1767126758.98,2,right_wrist,-0.1459,0.0098,-0.9584,0.98,-2.52,-0.35,0.07244673201154642,0.2644712106432862,0.9615473961400469,-0.015266130420552703,179.480841439776,8.476099455071637,149.20396527394544,11
1767126759.046,1,left_wrist,-0.0454,0.1244,-0.9794,1.47,-4.83,-0.14,0.03785461297092827,0.8284730047602418,-0.5560210450066118,-0.0551371577986478,172.86609466581797,2.8237261506893043,-67.91030698019794,11
1767126759.046,2,right_wrist,-0.1459,0.0098,-0.9584,0.98,-2.52,-0.35,0.07244673201154642,0.2644712106432862,0.9615473961400469,-0.015266130420552703,179.480841439776,8.476099455071637,149.20396527394544,11
1767126759.11,1,left_wrist,-0.0454,0.1244,-0.9794,1.47,-4.83,-0.14,0.03785461297092827,0.8284730047602418,-0.5560210450066118,-0.0551371577986478,172.86609466581797,2.8237261506893043,-67.91030698019794,11
1767126759.11,2,right_wrist,-0.1459,0.0098,-0.9584,0.98,-2.52,-0.35,0.07244673201154642,0.2644712106432862,0.9615473961400469,-0.015266130420552703,179.480841439776,8.476099455071637,149.20396527394544,11
1767126759.174,1,left_wrist,-0.0454,0.1244,-0.9794,1.47,-4.83,-0.14,0.03785461297092827,0.8284730047602418,-0.5560210450066118,-0.0551371577986478,172.86609466581797,2.8237261506893043,-67.91030698019794,11
1767126759.174,2,right_wrist,-0.1459,0.0098,-0.9584,0.98,-2.52,-0.35,0.07244673201154642,0.2644712106432862,0.9615473961400469,-0.015266130420552703,179.480841439776,8.476099455071637,149.20396527394544,11
1767126759.206,1,left_wrist,-0.0454,0.1244,-0.9794,1.47,-4.83,-0.14,0.03785461297092827,0.8284730047602418,-0.5560210450066118,-0.0551371577986478,172.86609466581797,2.8237261506893043,-67.91030698019794,12
1767126759.206,2,right_wrist,-0.1459,0.0098,-0.9584,0.98,-2.52,-0.35,0.07244673201154642,0.2644712106432862,0.9615473961400469,-0.015266130420552703,179.480841439776,8.476099455071637,149.20396527394544,12
1767126760.913,1,left_wrist,-0.0454,0.1244,-0.9794,1.47,-4.83,-0.14,0.03785461297092827,0.8284730047602418,-0.5560210450066118,-0.0551371577986478,172.86609466581797,2.8237261506893043,-67.91030698019794,13
1767126760.913,2,right_wrist,-0.1459,0.0098,-0.9584,0.98,-2.52,-0.35,0.07244673201154642,0.2644712106432862,0.9615473961400469,-0.015266130420552703,179.480841439776,8.476099455071637,149.20396527394544,13
1767126764.271,1,left_wrist,-0.0454,0.1244,-0.9794,1.47,-4.83,-0.14,0.03785461297092827,0.8284730047602418,-0.5560210450066118,-0.0551371577986478,172.86609466581797,2.8237261506893043,-67.91030698019794,14
1767126764.271,2,right_wrist,-0.1459,0.0098,-0.9584,0.98,-2.52,-0.35,0.07244673201154642,0.2644712106432862,0.9615473961400469,-0.015266130420552703,179.480841439776,8.476099455071637,149.20396527394544,14
1767126767.801,1,left_wrist,-0.0454,0.1244,-0.9794,1.47,-4.83,-0.14,0.03785461297092827,0.8284730047602418,-0.5560210450066118,-0.0551371577986478,172.86609466581797,2.8237261506893043,-67.91030698019794,15
1767126767.801,2,right_wrist,-0.1459,0.0098,-0.9584,0.98,-2.52,-0.35,0.07244673201154642,0.2644712106432862,0.9615473961400469,-0.015266130420552703,179.480841439776,8.476099455071637,149.20396527394544,15
1767126704.66,1,left_wrist,-0.0454,0.1244,-0.9794,1.47,-4.83,-0.14,0.03785461297092827,0.8284730047602418,-0.5560210450066118,-0.0551371577986478,172.86609466581797,2.8237261506893043,-67.91030698019794,0
1767126704.66,2,right_wrist,-0.1459,0.0098,-0.9584,0.98,-2.52,-0.35,0.07244673201154642,0.2644712106432862,0.9615473961400469,-0.015266130420552703,179.480841439776,8.476099455071637,149.20396527394544,0
1767126704.727,1,left_wrist,-0.0454,0.1244,-0.9794,1.47,-4.83,-0.14,0.03785461297092827,0.8284730047602418,-0.5560210450066118,-0.0551371577986478,172.86609466581797,2.8237261506893043,-67.91030698019794,0
1767126704.727,2,right_wrist,-0.1459,0.0098,-0.9584,0.98,-2.52,-0.35,0.07244673201154642,0.2644712106432862,0.9615473961400469,-0.015266130420552703,179.480841439776,8.476099455071637,149.20396527394544,0
1767126704.777,1,left_wrist,-0.0454,0.1244,-0.9794,1.47,-4.83,-0.14,0.03785461297092827,0.8284730047602418,-0.5560210450066118,-0.0551371577986478,172.86609466581797,2.8237261506893043,-67.91030698019794,0
1767126704.777,2,right_wrist,-0.1459,0.0098,-0.9584,0.98,-2.52,-0.35,0.07244673201154642,0.2644712106432862,0.9615473961400469,-0.015266130420552703,179.480841439776,8.476099455071637,149.20396527394544,0
1767126704.835,1,left_wrist,-0.0454,0.1244,-0.9794,1.47,-4.83,-0.14,0.03785461297092827,0.8284730047602418,-0.5560210450066118,-0.0551371577986478,172.86609466581797,2.8237261506893043,-67.91030698019794,0
1767126704.835,2,right_wrist,-0.1459,0.0098,-0.9584,0.98,-2.52,-0.35,0.07244673201154642,0.2644712106432862,0.9615473961400469,-0.015266130420552703,179.480841439776,8.476099455071637,149.20396527394544,0
1767126704.889,1,left_wrist,-0.0454,0.1244,-0.9794,1.47,-4.83,-0.14,0.03785461297092827,0.8284730047602418,-0.5560210450066118,-0.0551371577986478,172.86609466581797,2.8237261506893043,-67.91030698019794,0
1767126704.889,2,right_wrist,-0.1459,0.0098,-0.9584,0.98,-2.52,-0.35,0.07244673201154642,0.2644712106432862,0.9615473961400469,-0.015266130420552703,179.480841439776,8.476099455071637,149.20396527394544,0
1767126704.951,1,left_wrist,-0.0454,0.1244,-0.9794,1.47,-4.83,-0.14,0.03785461297092827,0.8284730047602418,-0.5560210450066118,-0.0551371577986478,172.86609466581797,2.8237261506893043,-67.91030698019794,0
1767126704.951,2,right_wrist,-0.1459,0.0098,-0.9584,0.98,-2.52,-0.35,0.07244673201154642,0.2644712106432862,0.9615473961400469,-0.015266130420552703,179.480841439776,8.476099455071637,149.20396527394544,0
1767126705.019,1,left_wrist,-0.0454,0.1244,-0.9794,1.47,-4.83,-0.14,0.03785461297092827,0.8284730047602418,-0.5560210450066118,-0.0551371577986478,172.86609466581797,2.8237261506893043,-67.91030698019794,0
1767126705.019,2,right_wrist,-0.1459,0.0098,-0.9584,0.98,-2.52,-0.35,0.07244673201154642,0.2644712106432862,0.9615473961400469,-0.015266130420552703,179.480841439776,8.476099455071637,149.20396527394544,0
1767126705.074,1,left_wrist,-0.0454,0.1244,-0.9794,1.47,-4.83,-0.14,0.03785461297092827,0.8284730047602418,-0.5560210450066118,-0.0551371577986478,172.86609466581797,2.8237261506893043,-67.91030698019794,0
1767126705.074,2,right_wrist,-0.1459,0.0098,-0.9584,0.98,-2.52,-0.35,0.07244673201154642,0.2644712106432862,0.9615473961400469,-0.015266130420552703,179.480841439776,8.476099455071637,149.20396527394544,0
1767126705.147,1,left_wrist,-0.0454,0.1244,-0.9794,1.47,-4.83,-0.14,0.03785461297092827,0.8284730047602418,-0.5560210450066118,-0.0551371577986478,172.86609466581797,2.8237261506893043,-67.91030698019794,0
1767126705.147,2,right_wrist,-0.1459,0.0098,-0.9584,0.98,-2.52,-0.35,0.07244673201154642,0.2644712106432862,0.9615473961400469,-0.015266130420552703,179.480841439776,8.476099455071637,149.20396527394544,0
1767126705.225,1,left_wrist,-0.0454,0.1244,-0.9794,1.47,-4.83,-0.14,0.03785461297092827,0.8284730047602418,-0.5560210450066118,-0.0551371577986478,172.86609466581797,2.8237261506893043,-67.91030698019794,0
1767126705.225,2,right_wrist,-0.1459,0.0098,-0.9584,0.98,-2.52,-0.35,0.07244673201154642,0.2644712106432862,0.9615473961400469,-0.015266130420552703,179.480841439776,8.476099455071637,149.20396527394544,0
1767126705.277,1,left_wrist,-0.0454,0.1244,-0.9794,1.47,-4.83,-0.14,0.03785461297092827,0.8284730047602418,-0.5560210450066118,-0.0551371577986478,172.86609466581797,2.8237261506893043,-67.91030698019794,0
1767126705.277,2,right_wrist,-0.1459,0.0098,-0.9584,0.98,-2.52,-0.35,0.07244673201154642,0.2644712106432862,0.9615473961400469,-0.015266130420552703,179.480841439776,8.476099455071637,149.20396527394544,0
1767126705.34,1,left_wrist,-0.0454,0.1244,-0.9794,1.47,-4.83,-0.14,0.03785461297092827,0.8284730047602418,-0.5560210450066118,-0.0551371577986478,172.86609466581797,2.8237261506893043,-67.91030698019794,0
1767126705.34,2,right_wrist,-0.1459,0.0098,-0.9584,0.98,-2.52,-0.35,0.07244673201154642,0.2644712106432862,0.9615473961400469,-0.015266130420552703,179.480841439776,8.476099455071637,149.20396527394544,0
1767126705.407,1,left_wrist,-0.0454,0.1244,-0.9794,1.47,-4.83,-0.14,0.03785461297092827,0.8284730047602418,-0.5560210450066118,-0.0551371577986478,172.86609466581797,2.8237261506893043,-67.91030698019794,0
1767126705.407,2,right_wrist,-0.1459,0.0098,-0.9584,0.98,-2.52,-0.35,0.07244673201154642,0.2644712106432862,0.9615473961400469,-0.015266130420552703,179.480841439776,8.476099455071637,149.20396527394544,0
1767126705.458,1,left_wrist,-0.0454,0.1244,-0.9794,1.47,-4.83,-0.14,0.03785461297092827,0.8284730047602418,-0.5560210450066118,-0.0551371577986478,172.86609466581797,2.8237261506893043,-67.91030698019794,0
1767126705.458,2,right_wrist,-0.1459,0.0098,-0.9584,0.98,-2.52,-0.35,0.07244673201154642,0.2644712106432862,0.9615473961400469,-0.015266130420552703,179.480841439776,8.476099455071637,149.20396527394544,0
1767126705.518,1,left_wrist,-0.0454,0.1244,-0.9794,1.47,-4.83,-0.14,0.03785461297092827,0.8284730047602418,-0.5560210450066118,-0.0551371577986478,172.86609466581797,2.8237261506893043,-67.91030698019794,1
1767126705.518,2,right_wrist,-0.1459,0.0098,-0.9584,0.98,-2.52,-0.35,0.07244673201154642,0.2644712106432862,0.9615473961400469,-0.015266130420552703,179.480841439776,8.476099455071637,149.20396527394544,1
1767126705.57,1,left_wrist,-0.0454,0.1244,-0.9794,1.47,-4.83,-0.14,0.03785461297092827,0.8284730047602418,-0.5560210450066118,-0.0551371577986478,172.86609466581797,2.8237261506893043,-67.91030698019794,1
1767126705.57,2,right_wrist,-0.1459,0.0098,-0.9584,0.98,-2.52,-0.35,0.07244673201154642,0.2644712106432862,0.9615473961400469,-0.015266130420552703,179.480841439776,8.476099455071637,149.20396527394544,1
1767126705.623,1,left_wrist,-0.0454,0.1244,-0.9794,1.47,-4.83,-0.14,0.03785461297092827,0.8284730047602418,-0.5560210450066118,-0.0551371577986478,172.86609466581797,2.8237261506893043,-67.91030698019794,1
1767126705.623,2,right_wrist,-0.1459,0.0098,-0.9584,0.98,-2.52,-0.35,0.07244673201154642,0.2644712106432862,0.9615473961400469,-0.015266130420552703,179.480841439776,8.476099455071637,149.20396527394544,1
1767126705.682,1,left_wrist,-0.0454,0.1244,-0.9794,1.47,-4.83,-0.14,0.03785461297092827,0.8284730047602418,-0.5560210450066118,-0.0551371577986478,172.86609466581797,2.8237261506893043,-67.91030698019794,1
1767126705.682,2,right_wrist,-0.1459,0.0098,-0.9584,0.98,-2.52,-0.35,0.07244673201154642,0.2644712106432862,0.9615473961400469,-0.015266130420552703,179.480841439776,8.476099455071637,149.20396527394544,1
1767126705.743,1,left_wrist,-0.0454,0.1244,-0.9794,1.47,-4.83,-0.14,0.03785461297092827,0.8284730047602418,-0.5560210450066118,-0.0551371577986478,172.86609466581797,2.8237261506893043,-67.91030698019794,1
1767126705.743,2,right_wrist,-0.1459,0.0098,-0.9584,0.98,-2.52,-0.35,0.07244673201154642,0.2644712106432862,0.9615473961400469,-0.015266130420552703,179.480841439776,8.476099455071637,149.20396527394544,1
1767126705.803,1,left_wrist,-0.0454,0.1244,-0.9794,1.47,-4.83,-0.14,0.03785461297092827,0.8284730047602418,-0.5560210450066118,-0.0551371577986478,172.86609466581797,2.8237261506893043,-67.91030698019794,1
1767126705.803,2,right_wrist,-0.1459,0.0098,-0.9584,0.98,-2.52,-0.35,0.07244673201154642,0.2644712106432862,0.9615473961400469,-0.015266130420552703,179.480841439776,8.476099455071637,149.20396527394544,1
1767126705.854,1,left_wrist,-0.0454,0.1244,-0.9794,1.47,-4.83,-0.14,0.03785461297092827,0.8284730047602418,-0.5560210450066118,-0.0551371577986478,172.86609466581797,2.8237261506893043,-67.91030698019794,1
1767126705.854,2,right_wrist,-0.1459,0.0098,-0.9584,0.98,-2.52,-0.35,0.07244673201154642,0.2644712106432862,0.9615473961400469,-0.015266130420552703,179.480841439776,8.476099455071637,149.20396527394544,1
1767126705.93,1,left_wrist,-0.0454,0.1244,-0.9794,1.47,-4.83,-0.14,0.03785461297092827,0.8284730047602418,-0.5560210450066118,-0.0551371577986478,172.86609466581797,2.8237261506893043,-67.91030698019794,1
1767126705.93,2,right_wrist,-0.1459,0.0098,-0.9584,0.98,-2.52,-0.35,0.07244673201154642,0.2644712106432862,0.9615473961400469,-0.015266130420552703,179.480841439776,8.476099455071637,149.20396527394544,1
1767126706.002,1,left_wrist,-0.0454,0.1244,-0.9794,1.47,-4.83,-0.14,0.03785461297092827,0.8284730047602418,-0.5560210450066118,-0.0551371577986478,172.86609466581797,2.8237261506893043,-67.91030698019794,1
1767126706.002,2,right_wrist,-0.1459,0.0098,-0.9584,0.98,-2.52,-0.35,0.07244673201154642,0.2644712106432862,0.9615473961400469,-0.015266130420552703,179.480841439776,8.476099455071637,149.20396527394544,1
1767126706.081,1,left_wrist,-0.0454,0.1244,-0.9794,1.47,-4.83,-0.14,0.03785461297092827,0.8284730047602418,-0.5560210450066118,-0.0551371577986478,172.86609466581797,2.8237261506893043,-67.91030698019794,1
1767126706.081,2,right_wrist,-0.1459,0.0098,-0.9584,0.98,-2.52,-0.35,0.07244673201154642,0.2644712106432862,0.9615473961400469,-0.015266130420552703,179.480841439776,8.476099455071637,149.20396527394544,1
1767126706.141,1,left_wrist,-0.0454,0.1244,-0.9794,1.47,-4.83,-0.14,0.03785461297092827,0.8284730047602418,-0.5560210450066118,-0.0551371577986478,172.86609466581797,2.8237261506893043,-67.91030698019794,1
1767126706.141,2,right_wrist,-0.1459,0.0098,-0.9584,0.98,-2.52,-0.35,0.07244673201154642,0.2644712106432862,0.9615473961400469,-0.015266130420552703,179.480841439776,8.476099455071637,149.20396527394544,1
1767126706.193,1,left_wrist,-0.0454,0.1244,-0.9794,1.47,-4.83,-0.14,0.03785461297092827,0.8284730047602418,-0.5560210450066118,-0.0551371577986478,172.86609466581797,2.8237261506893043,-67.91030698019794,1
1767126706.193,2,right_wrist,-0.1459,0.0098,-0.9584,0.98,-2.52,-0.35,0.07244673201154642,0.2644712106432862,0.9615473961400469,-0.015266130420552703,179.480841439776,8.476099455071637,149.20396527394544,1
1767126706.263,1,left_wrist,-0.0454,0.1244,-0.9794,1.47,-4.83,-0.14,0.03785461297092827,0.8284730047602418,-0.5560210450066118,-0.0551371577986478,172.86609466581797,2.8237261506893043,-67.91030698019794,1
1767126706.263,2,right_wrist,-0.1459,0.0098,-0.9584,0.98,-2.52,-0.35,0.07244673201154642,0.2644712106432862,0.9615473961400469,-0.015266130420552703,179.480841439776,8.476099455071637,149.20396527394544,1
1767126706.317,1,left_wrist,-0.0454,0.1244,-0.9794,1.47,-4.83,-0.14,0.03785461297092827,0.8284730047602418,-0.5560210450066118,-0.0551371577986478,172.86609466581797,2.8237261506893043,-67.91030698019794,1
1767126706.317,2,right_wrist,-0.1459,0.0098,-0.9584,0.98,-2.52,-0.35,0.07244673201154642,0.2644712106432862,0.9615473961400469,-0.015266130420552703,179.480841439776,8.476099455071637,149.20396527394544,1
1767126706.382,1,left_wrist,-0.0454,0.1244,-0.9794,1.47,-4.83,-0.14,0.03785461297092827,0.8284730047602418,-0.5560210450066118,-0.0551371577986478,172.86609466581797,2.8237261506893043,-67.91030698019794,1
1767126706.382,2,right_wrist,-0.1459,0.0098,-0.9584,0.98,-2.52,-0.35,0.07244673201154642,0.2644712106432862,0.9615473961400469,-0.015266130420552703,179.480841439776,8.476099455071637,149.20396527394544,1
1767126706.404,1,left_wrist,-0.0454,0.1244,-0.9794,1.47,-4.83,-0.14,0.03785461297092827,0.8284730047602418,-0.5560210450066118,-0.0551371577986478,172.86609466581797,2.8237261506893043,-67.91030698019794,0
1767126706.404,2,right_wrist,-0.1459,0.0098,-0.9584,0.98,-2.52,-0.35,0.07244673201154642,0.2644712106432862,0.9615473961400469,-0.015266130420552703,179.480841439776,8.476099455071637,149.20396527394544,0
1767126708.241,1,left_wrist,-0.0454,0.1244,-0.9794,1.47,-4.83,-0.14,0.03785461297092827,0.8284730047602418,-0.5560210450066118,-0.0551371577986478,172.86609466581797,2.8237261506893043,-67.91030698019794,0
1767126708.241,2,right_wrist,-0.1459,0.0098,-0.9584,0.98,-2.52,-0.35,0.07244673201154642,0.2644712106432862,0.9615473961400469,-0.015266130420552703,179.480841439776,8.476099455071637,149.20396527394544,0
1767126711.929,1,left_wrist,-0.0454,0.1244,-0.9794,1.47,-4.83,-0.14,0.03785461297092827,0.8284730047602418,-0.5560210450066118,-0.0551371577986478,172.86609466581797,2.8237261506893043,-67.91030698019794,0
1767126711.929,2,right_wrist,-0.1459,0.0098,-0.9584,0.98,-2.52,-0.35,0.07244673201154642,0.2644712106432862,0.9615473961400469,-0.015266130420552703,179.480841439776,8.476099455071637,149.20396527394544,0
1767126715.093,1,left_wrist,-0.0454,0.1244,-0.9794,1.47,-4.83,-0.14,0.03785461297092827,0.8284730047602418,-0.5560210450066118,-0.0551371577986478,172.86609466581797,2.8237261506893043,-67.91030698019794,0
1767126715.093,2,right_wrist,-0.1459,0.0098,-0.9584,0.98,-2.52,-0.35,0.07244673201154642,0.2644712106432862,0.9615473961400469,-0.015266130420552703,179.480841439776,8.476099455071637,149.20396527394544,0
1767126731.637,1,left_wrist,-0.0454,0.1244,-0.9794,1.47,-4.83,-0.14,0.03785461297092827,0.8284730047602418,-0.5560210450066118,-0.0551371577986478,172.86609466581797,2.8237261506893043,-67.91030698019794,0
1767126731.637,2,right_wrist,-0.1459,0.0098,-0.9584,0.98,-2.52,-0.35,0.07244673201154642,0.2644712106432862,0.9615473961400469,-0.015266130420552703,179.480841439776,8.476099455071637,149.20396527394544,0
1767126731.702,1,left_wrist,-0.0454,0.1244,-0.9794,1.47,-4.83,-0.14,0.03785461297092827,0.8284730047602418,-0.5560210450066118,-0.0551371577986478,172.86609466581797,2.8237261506893043,-67.91030698019794,0
1767126731.702,2,right_wrist,-0.1459,0.0098,-0.9584,0.98,-2.52,-0.35,0.07244673201154642,0.2644712106432862,0.9615473961400469,-0.015266130420552703,179.480841439776,8.476099455071637,149.20396527394544,0
1767126731.752,1,left_wrist,-0.0454,0.1244,-0.9794,1.47,-4.83,-0.14,0.03785461297092827,0.8284730047602418,-0.5560210450066118,-0.0551371577986478,172.86609466581797,2.8237261506893043,-67.91030698019794,0
1767126731.752,2,right_wrist,-0.1459,0.0098,-0.9584,0.98,-2.52,-0.35,0.07244673201154642,0.2644712106432862,0.9615473961400469,-0.015266130420552703,179.480841439776,8.476099455071637,149.20396527394544,0
1767126731.806,1,left_wrist,-0.0454,0.1244,-0.9794,1.47,-4.83,-0.14,0.03785461297092827,0.8284730047602418,-0.5560210450066118,-0.0551371577986478,172.86609466581797,2.8237261506893043,-67.91030698019794,0
1767126731.806,2,right_wrist,-0.1459,0.0098,-0.9584,0.98,-2.52,-0.35,0.07244673201154642,0.2644712106432862,0.9615473961400469,-0.015266130420552703,179.480841439776,8.476099455071637,149.20396527394544,0
1767126731.869,1,left_wrist,-0.0454,0.1244,-0.9794,1.47,-4.83,-0.14,0.03785461297092827,0.8284730047602418,-0.5560210450066118,-0.0551371577986478,172.86609466581797,2.8237261506893043,-67.91030698019794,0
1767126731.869,2,right_wrist,-0.1459,0.0098,-0.9584,0.98,-2.52,-0.35,0.07244673201154642,0.2644712106432862,0.9615473961400469,-0.015266130420552703,179.480841439776,8.476099455071637,149.20396527394544,0
1767126731.925,1,left_wrist,-0.0454,0.1244,-0.9794,1.47,-4.83,-0.14,0.03785461297092827,0.8284730047602418,-0.5560210450066118,-0.0551371577986478,172.86609466581797,2.8237261506893043,-67.91030698019794,0
1767126731.925,2,right_wrist,-0.1459,0.0098,-0.9584,0.98,-2.52,-0.35,0.07244673201154642,0.2644712106432862,0.9615473961400469,-0.015266130420552703,179.480841439776,8.476099455071637,149.20396527394544,0
1767126731.988,1,left_wrist,-0.0454,0.1244,-0.9794,1.47,-4.83,-0.14,0.03785461297092827,0.8284730047602418,-0.5560210450066118,-0.0551371577986478,172.86609466581797,2.8237261506893043,-67.91030698019794,0
1767126731.988,2,right_wrist,-0.1459,0.0098,-0.9584,0.98,-2.52,-0.35,0.07244673201154642,0.2644712106432862,0.9615473961400469,-0.015266130420552703,179.480841439776,8.476099455071637,149.20396527394544,0
1767126732.042,1,left_wrist,-0.0454,0.1244,-0.9794,1.47,-4.83,-0.14,0.03785461297092827,0.8284730047602418,-0.5560210450066118,-0.0551371577986478,172.86609466581797,2.8237261506893043,-67.91030698019794,0
1767126732.042,2,right_wrist,-0.1459,0.0098,-0.9584,0.98,-2.52,-0.35,0.07244673201154642,0.2644712106432862,0.9615473961400469,-0.015266130420552703,179.480841439776,8.476099455071637,149.20396527394544,0
1767126732.111,1,left_wrist,-0.0454,0.1244,-0.9794,1.47,-4.83,-0.14,0.03785461297092827,0.8284730047602418,-0.5560210450066118,-0.0551371577986478,172.86609466581797,2.8237261506893043,-67.91030698019794,0
1767126732.111,2,right_wrist,-0.1459,0.0098,-0.9584,0.98,-2.52,-0.35,0.07244673201154642,0.2644712106432862,0.9615473961400469,-0.015266130420552703,179.480841439776,8.476099455071637,149.20396527394544,0
1767126732.162,1,left_wrist,-0.0454,0.1244,-0.9794,1.47,-4.83,-0.14,0.03785461297092827,0.8284730047602418,-0.5560210450066118,-0.0551371577986478,172.86609466581797,2.8237261506893043,-67.91030698019794,0
1767126732.162,2,right_wrist,-0.1459,0.0098,-0.9584,0.98,-2.52,-0.35,0.07244673201154642,0.2644712106432862,0.9615473961400469,-0.015266130420552703,179.480841439776,8.476099455071637,149.20396527394544,0
1767126732.222,1,left_wrist,-0.0454,0.1244,-0.9794,1.47,-4.83,-0.14,0.03785461297092827,0.8284730047602418,-0.5560210450066118,-0.0551371577986478,172.86609466581797,2.8237261506893043,-67.91030698019794,0
1767126732.222,2,right_wrist,-0.1459,0.0098,-0.9584,0.98,-2.52,-0.35,0.07244673201154642,0.2644712106432862,0.9615473961400469,-0.015266130420552703,179.480841439776,8.476099455071637,149.20396527394544,0
1767126732.29,1,left_wrist,-0.0454,0.1244,-0.9794,1.47,-4.83,-0.14,0.03785461297092827,0.8284730047602418,-0.5560210450066118,-0.0551371577986478,172.86609466581797,2.8237261506893043,-67.91030698019794,0
1767126732.29,2,right_wrist,-0.1459,0.0098,-0.9584,0.98,-2.52,-0.35,0.07244673201154642,0.2644712106432862,0.9615473961400469,-0.015266130420552703,179.480841439776,8.476099455071637,149.20396527394544,0
1767126732.355,1,left_wrist,-0.0454,0.1244,-0.9794,1.47,-4.83,-0.14,0.03785461297092827,0.8284730047602418,-0.5560210450066118,-0.0551371577986478,172.86609466581797,2.8237261506893043,-67.91030698019794,0
1767126732.355,2,right_wrist,-0.1459,0.0098,-0.9584,0.98,-2.52,-0.35,0.07244673201154642,0.2644712106432862,0.9615473961400469,-0.015266130420552703,179.480841439776,8.476099455071637,149.20396527394544,0
1767126732.42,1,left_wrist,-0.0454,0.1244,-0.9794,1.47,-4.83,-0.14,0.03785461297092827,0.8284730047602418,-0.5560210450066118,-0.0551371577986478,172.86609466581797,2.8237261506893043,-67.91030698019794,0
1767126732.42,2,right_wrist,-0.1459,0.0098,-0.9584,0.98,-2.52,-0.35,0.07244673201154642,0.2644712106432862,0.9615473961400469,-0.015266130420552703,179.480841439776,8.476099455071637,149.20396527394544,0
1767126732.489,1,left_wrist,-0.0454,0.1244,-0.9794,1.47,-4.83,-0.14,0.03785461297092827,0.8284730047602418,-0.5560210450066118,-0.0551371577986478,172.86609466581797,2.8237261506893043,-67.91030698019794,0
1767126732.489,2,right_wrist,-0.1459,0.0098,-0.9584,0.98,-2.52,-0.35,0.07244673201154642,0.2644712106432862,0.9615473961400469,-0.015266130420552703,179.480841439776,8.476099455071637,149.20396527394544,0
1767126732.543,1,left_wrist,-0.0454,0.1244,-0.9794,1.47,-4.83,-0.14,0.03785461297092827,0.8284730047602418,-0.5560210450066118,-0.0551371577986478,172.86609466581797,2.8237261506893043,-67.91030698019794,0
1767126732.543,2,right_wrist,-0.1459,0.0098,-0.9584,0.98,-2.52,-0.35,0.07244673201154642,0.2644712106432862,0.9615473961400469,-0.015266130420552703,179.480841439776,8.476099455071637,149.20396527394544,0
1767126732.606,1,left_wrist,-0.0454,0.1244,-0.9794,1.47,-4.83,-0.14,0.03785461297092827,0.8284730047602418,-0.5560210450066118,-0.0551371577986478,172.86609466581797,2.8237261506893043,-67.91030698019794,0
1767126732.606,2,right_wrist,-0.1459,0.0098,-0.9584,0.98,-2.52,-0.35,0.07244673201154642,0.2644712106432862,0.9615473961400469,-0.015266130420552703,179.480841439776,8.476099455071637,149.20396527394544,0
1767126732.67,1,left_wrist,-0.0454,0.1244,-0.9794,1.47,-4.83,-0.14,0.03785461297092827,0.8284730047602418,-0.5560210450066118,-0.0551371577986478,172.86609466581797,2.8237261506893043,-67.91030698019794,0
1767126732.67,2,right_wrist,-0.1459,0.0098,-0.9584,0.98,-2.52,-0.35,0.07244673201154642,0.2644712106432862,0.9615473961400469,-0.015266130420552703,179.480841439776,8.476099455071637,149.20396527394544,0
1767126732.721,1,left_wrist,-0.0454,0.1244,-0.9794,1.47,-4.83,-0.14,0.03785461297092827,0.8284730047602418,-0.5560210450066118,-0.0551371577986478,172.86609466581797,2.8237261506893043,-67.91030698019794,0
1767126732.721,2,right_wrist,-0.1459,0.0098,-0.9584,0.98,-2.52,-0.35,0.07244673201154642,0.2644712106432862,0.9615473961400469,-0.015266130420552703,179.480841439776,8.476099455071637,149.20396527394544,0
1767126732.776,1,left_wrist,-0.0454,0.1244,-0.9794,1.47,-4.83,-0.14,0.03785461297092827,0.8284730047602418,-0.5560210450066118,-0.0551371577986478,172.86609466581797,2.8237261506893043,-67.91030698019794,0
1767126732.776,2,right_wrist,-0.1459,0.0098,-0.9584,0.98,-2.52,-0.35,0.07244673201154642,0.2644712106432862,0.9615473961400469,-0.015266130420552703,179.480841439776,8.476099455071637,149.20396527394544,0
1767126732.836,1,left_wrist,-0.0454,0.1244,-0.9794,1.47,-4.83,-0.14,0.03785461297092827,0.8284730047602418,-0.5560210450066118,-0.0551371577986478,172.86609466581797,2.8237261506893043,-67.91030698019794,0
1767126732.836,2,right_wrist,-0.1459,0.0098,-0.9584,0.98,-2.52,-0.35,0.07244673201154642,0.2644712106432862,0.9615473961400469,-0.015266130420552703,179.480841439776,8.476099455071637,149.20396527394544,0
1767126732.888,1,left_wrist,-0.0454,0.1244,-0.9794,1.47,-4.83,-0.14,0.03785461297092827,0.8284730047602418,-0.5560210450066118,-0.0551371577986478,172.86609466581797,2.8237261506893043,-67.91030698019794,6
1767126732.888,2,right_wrist,-0.1459,0.0098,-0.9584,0.98,-2.52,-0.35,0.07244673201154642,0.2644712106432862,0.9615473961400469,-0.015266130420552703,179.480841439776,8.476099455071637,149.20396527394544,6
1767126732.939,1,left_wrist,-0.0454,0.1244,-0.9794,1.47,-4.83,-0.14,0.03785461297092827,0.8284730047602418,-0.5560210450066118,-0.0551371577986478,172.86609466581797,2.8237261506893043,-67.91030698019794,6
1767126732.939,2,right_wrist,-0.1459,0.0098,-0.9584,0.98,-2.52,-0.35,0.07244673201154642,0.2644712106432862,0.9615473961400469,-0.015266130420552703,179.480841439776,8.476099455071637,149.20396527394544,6
1767126732.991,1,left_wrist,-0.0454,0.1244,-0.9794,1.47,-4.83,-0.14,0.03785461297092827,0.8284730047602418,-0.5560210450066118,-0.0551371577986478,172.86609466581797,2.8237261506893043,-67.91030698019794,6
1767126732.991,2,right_wrist,-0.1459,0.0098,-0.9584,0.98,-2.52,-0.35,0.07244673201154642,0.2644712106432862,0.9615473961400469,-0.015266130420552703,179.480841439776,8.476099455071637,149.20396527394544,6
1767126733.052,1,left_wrist,-0.0454,0.1244,-0.9794,1.47,-4.83,-0.14,0.03785461297092827,0.8284730047602418,-0.5560210450066118,-0.0551371577986478,172.86609466581797,2.8237261506893043,-67.91030698019794,6
1767126733.052,2,right_wrist,-0.1459,0.0098,-0.9584,0.98,-2.52,-0.35,0.07244673201154642,0.2644712106432862,0.9615473961400469,-0.015266130420552703,179.480841439776,8.476099455071637,149.20396527394544,6
1767126733.112,1,left_wrist,-0.0454,0.1244,-0.9794,1.47,-4.83,-0.14,0.03785461297092827,0.8284730047602418,-0.5560210450066118,-0.0551371577986478,172.86609466581797,2.8237261506893043,-67.91030698019794,6
1767126733.112,2,right_wrist,-0.1459,0.0098,-0.9584,0.98,-2.52,-0.35,0.07244673201154642,0.2644712106432862,0.9615473961400469,-0.015266130420552703,179.480841439776,8.476099455071637,149.20396527394544,6
1767126733.165,1,left_wrist,-0.0454,0.1244,-0.9794,1.47,-4.83,-0.14,0.03785461297092827,0.8284730047602418,-0.5560210450066118,-0.0551371577986478,172.86609466581797,2.8237261506893043,-67.91030698019794,6
1767126733.165,2,right_wrist,-0.1459,0.0098,-0.9584,0.98,-2.52,-0.35,0.07244673201154642,0.2644712106432862,0.9615473961400469,-0.015266130420552703,179.480841439776,8.476099455071637,149.20396527394544,6
1767126733.229,1,left_wrist,-0.0454,0.1244,-0.9794,1.47,-4.83,-0.14,0.03785461297092827,0.8284730047602418,-0.5560210450066118,-0.0551371577986478,172.86609466581797,2.8237261506893043,-67.91030698019794,6
1767126733.229,2,right_wrist,-0.1459,0.0098,-0.9584,0.98,-2.52,-0.35,0.07244673201154642,0.2644712106432862,0.9615473961400469,-0.015266130420552703,179.480841439776,8.476099455071637,149.20396527394544,6
1767126733.294,1,left_wrist,-0.0454,0.1244,-0.9794,1.47,-4.83,-0.14,0.03785461297092827,0.8284730047602418,-0.5560210450066118,-0.0551371577986478,172.86609466581797,2.8237261506893043,-67.91030698019794,6
1767126733.294,2,right_wrist,-0.1459,0.0098,-0.9584,0.98,-2.52,-0.35,0.07244673201154642,0.2644712106432862,0.9615473961400469,-0.015266130420552703,179.480841439776,8.476099455071637,149.20396527394544,6
1767126733.354,1,left_wrist,-0.0454,0.1244,-0.9794,1.47,-4.83,-0.14,0.03785461297092827,0.8284730047602418,-0.5560210450066118,-0.0551371577986478,172.86609466581797,2.8237261506893043,-67.91030698019794,6
1767126733.354,2,right_wrist,-0.1459,0.0098,-0.9584,0.98,-2.52,-0.35,0.07244673201154642,0.2644712106432862,0.9615473961400469,-0.015266130420552703,179.480841439776,8.476099455071637,149.20396527394544,6
1767126733.407,1,left_wrist,-0.0454,0.1244,-0.9794,1.47,-4.83,-0.14,0.03785461297092827,0.8284730047602418,-0.5560210450066118,-0.0551371577986478,172.86609466581797,2.8237261506893043,-67.91030698019794,6
1767126733.407,2,right_wrist,-0.1459,0.0098,-0.9584,0.98,-2.52,-0.35,0.07244673201154642,0.2644712106432862,0.9615473961400469,-0.015266130420552703,179.480841439776,8.476099455071637,149.20396527394544,6
1767126733.461,1,left_wrist,-0.0454,0.1244,-0.9794,1.47,-4.83,-0.14,0.03785461297092827,0.8284730047602418,-0.5560210450066118,-0.0551371577986478,172.86609466581797,2.8237261506893043,-67.91030698019794,6
1767126733.461,2,right_wrist,-0.1459,0.0098,-0.9584,0.98,-2.52,-0.35,0.07244673201154642,0.2644712106432862,0.9615473961400469,-0.015266130420552703,179.480841439776,8.476099455071637,149.20396527394544,6
1767126733.52,1,left_wrist,-0.0454,0.1244,-0.9794,1.47,-4.83,-0.14,0.03785461297092827,0.8284730047602418,-0.5560210450066118,-0.0551371577986478,172.86609466581797,2.8237261506893043,-67.91030698019794,6
1767126733.52,2,right_wrist,-0.1459,0.0098,-0.9584,0.98,-2.52,-0.35,0.07244673201154642,0.2644712106432862,0.9615473961400469,-0.015266130420552703,179.480841439776,8.476099455071637,149.20396527394544,6
1767126733.574,1,left_wrist,-0.0454,0.1244,-0.9794,1.47,-4.83,-0.14,0.03785461297092827,0.8284730047602418,-0.5560210450066118,-0.0551371577986478,172.86609466581797,2.8237261506893043,-67.91030698019794,6
1767126733.574,2,right_wrist,-0.1459,0.0098,-0.9584,0.98,-2.52,-0.35,0.07244673201154642,0.2644712106432862,0.9615473961400469,-0.015266130420552703,179.480841439776,8.476099455071637,149.20396527394544,6
1767126733.634,1,left_wrist,-0.0454,0.1244,-0.9794,1.47,-4.83,-0.14,0.03785461297092827,0.8284730047602418,-0.5560210450066118,-0.0551371577986478,172.86609466581797,2.8237261506893043,-67.91030698019794,6
1767126733.634,2,right_wrist,-0.1459,0.0098,-0.9584,0.98,-2.52,-0.35,0.07244673201154642,0.2644712106432862,0.9615473961400469,-0.015266130420552703,179.480841439776,8.476099455071637,149.20396527394544,6
1767126733.7,1,left_wrist,-0.0454,0.1244,-0.9794,1.47,-4.83,-0.14,0.03785461297092827,0.8284730047602418,-0.5560210450066118,-0.0551371577986478,172.86609466581797,2.8237261506893043,-67.91030698019794,6
1767126733.7,2,right_wrist,-0.1459,0.0098,-0.9584,0.98,-2.52,-0.35,0.07244673201154642,0.2644712106432862,0.9615473961400469,-0.015266130420552703,179.480841439776,8.476099455071637,149.20396527394544,6
1767126733.729,1,left_wrist,-0.0454,0.1244,-0.9794,1.47,-4.83,-0.14,0.03785461297092827,0.8284730047602418,-0.5560210450066118,-0.0551371577986478,172.86609466581797,2.8237261506893043,-67.91030698019794,0
1767126733.729,2,right_wrist,-0.1459,0.0098,-0.9584,0.98,-2.52,-0.35,0.07244673201154642,0.2644712106432862,0.9615473961400469,-0.015266130420552703,179.480841439776,8.476099455071637,149.20396527394544,0
1767126736.02,1,left_wrist,-0.0454,0.1244,-0.9794,1.47,-4.83,-0.14,0.03785461297092827,0.8284730047602418,-0.5560210450066118,-0.0551371577986478,172.86609466581797,2.8237261506893043,-67.91030698019794,0
1767126736.02,2,right_wrist,-0.1459,0.0098,-0.9584,0.98,-2.52,-0.35,0.07244673201154642,0.2644712106432862,0.9615473961400469,-0.015266130420552703,179.480841439776,8.476099455071637,149.20396527394544,0
1767126738.856,1,left_wrist,-0.0454,0.1244,-0.9794,1.47,-4.83,-0.14,0.03785461297092827,0.8284730047602418,-0.5560210450066118,-0.0551371577986478,172.86609466581797,2.8237261506893043,-67.91030698019794,0
1767126738.856,2,right_wrist,-0.1459,0.0098,-0.9584,0.98,-2.52,-0.35,0.07244673201154642,0.2644712106432862,0.9615473961400469,-0.015266130420552703,179.480841439776,8.476099455071637,149.20396527394544,0
1767126742.821,1,left_wrist,-0.0454,0.1244,-0.9794,1.47,-4.83,-0.14,0.03785461297092827,0.8284730047602418,-0.5560210450066118,-0.0551371577986478,172.86609466581797,2.8237261506893043,-67.91030698019794,0
1767126742.821,2,right_wrist,-0.1459,0.0098,-0.9584,0.98,-2.52,-0.35,0.07244673201154642,0.2644712106432862,0.9615473961400469,-0.015266130420552703,179.480841439776,8.476099455071637,149.20396527394544,0
1767126757.655,1,left_wrist,-0.0454,0.1244,-0.9794,1.47,-4.83,-0.14,0.03785461297092827,0.8284730047602418,-0.5560210450066118,-0.0551371577986478,172.86609466581797,2.8237261506893043,-67.91030698019794,0
1767126757.655,2,right_wrist,-0.1459,0.0098,-0.9584,0.98,-2.52,-0.35,0.07244673201154642,0.2644712106432862,0.9615473961400469,-0.015266130420552703,179.480841439776,8.476099455071637,149.20396527394544,0
1767126757.723,1,left_wrist,-0.0454,0.1244,-0.9794,1.47,-4.83,-0.14,0.03785461297092827,0.8284730047602418,-0.5560210450066118,-0.0551371577986478,172.86609466581797,2.8237261506893043,-67.91030698019794,0
1767126757.723,2,right_wrist,-0.1459,0.0098,-0.9584,0.98,-2.52,-0.35,0.07244673201154642,0.2644712106432862,0.9615473961400469,-0.015266130420552703,179.480841439776,8.476099455071637,149.20396527394544,0
1767126757.782,1,left_wrist,-0.0454,0.1244,-0.9794,1.47,-4.83,-0.14,0.03785461297092827,0.8284730047602418,-0.5560210450066118,-0.0551371577986478,172.86609466581797,2.8237261506893043,-67.91030698019794,0
1767126757.782,2,right_wrist,-0.1459,0.0098,-0.9584,0.98,-2.52,-0.35,0.07244673201154642,0.2644712106432862,0.9615473961400469,-0.015266130420552703,179.480841439776,8.476099455071637,149.20396527394544,0
1767126757.844,1,left_wrist,-0.0454,0.1244,-0.9794,1.47,-4.83,-0.14,0.03785461297092827,0.8284730047602418,-0.5560210450066118,-0.0551371577986478,172.86609466581797,2.8237261506893043,-67.91030698019794,0
1767126757.844,2,right_wrist,-0.1459,0.0098,-0.9584,0.98,-2.52,-0.35,0.07244673201154642,0.2644712106432862,0.9615473961400469,-0.015266130420552703,179.480841439776,8.476099455071637,149.20396527394544,0
1767126757.9,1,left_wrist,-0.0454,0.1244,-0.9794,1.47,-4.83,-0.14,0.03785461297092827,0.8284730047602418,-0.5560210450066118,-0.0551371577986478,172.86609466581797,2.8237261506893043,-67.91030698019794,0
1767126757.9,2,right_wrist,-0.1459,0.0098,-0.9584,0.98,-2.52,-0.35,0.07244673201154642,0.2644712106432862,0.9615473961400469,-0.015266130420552703,179.480841439776,8.476099455071637,149.20396527394544,0
1767126757.964,1,left_wrist,-0.0454,0.1244,-0.9794,1.47,-4.83,-0.14,0.03785461297092827,0.8284730047602418,-0.5560210450066118,-0.0551371577986478,172.86609466581797,2.8237261506893043,-67.91030698019794,0
1767126757.964,2,right_wrist,-0.1459,0.0098,-0.9584,0.98,-2.52,-0.35,0.07244673201154642,0.2644712106432862,0.9615473961400469,-0.015266130420552703,179.480841439776,8.476099455071637,149.20396527394544,0
1767126758.02,1,left_wrist,-0.0454,0.1244,-0.9794,1.47,-4.83,-0.14,0.03785461297092827,0.8284730047602418,-0.5560210450066118,-0.0551371577986478,172.86609466581797,2.8237261506893043,-67.91030698019794,0
1767126758.02,2,right_wrist,-0.1459,0.0098,-0.9584,0.98,-2.52,-0.35,0.07244673201154642,0.2644712106432862,0.9615473961400469,-0.015266130420552703,179.480841439776,8.476099455071637,149.20396527394544,0
1767126758.075,1,left_wrist,-0.0454,0.1244,-0.9794,1.47,-4.83,-0.14,0.03785461297092827,0.8284730047602418,-0.5560210450066118,-0.0551371577986478,172.86609466581797,2.8237261506893043,-67.91030698019794,0
1767126758.075,2,right_wrist,-0.1459,0.0098,-0.9584,0.98,-2.52,-0.35,0.07244673201154642,0.2644712106432862,0.9615473961400469,-0.015266130420552703,179.480841439776,8.476099455071637,149.20396527394544,0
1767126758.132,1,left_wrist,-0.0454,0.1244,-0.9794,1.47,-4.83,-0.14,0.03785461297092827,0.8284730047602418,-0.5560210450066118,-0.0551371577986478,172.86609466581797,2.8237261506893043,-67.91030698019794,0
1767126758.132,2,right_wrist,-0.1459,0.0098,-0.9584,0.98,-2.52,-0.35,0.07244673201154642,0.2644712106432862,0.9615473961400469,-0.015266130420552703,179.480841439776,8.476099455071637,149.20396527394544,0
1767126758.194,1,left_wrist,-0.0454,0.1244,-0.9794,1.47,-4.83,-0.14,0.03785461297092827,0.8284730047602418,-0.5560210450066118,-0.0551371577986478,172.86609466581797,2.8237261506893043,-67.91030698019794,0
1767126758.194,2,right_wrist,-0.1459,0.0098,-0.9584,0.98,-2.52,-0.35,0.07244673201154642,0.2644712106432862,0.9615473961400469,-0.015266130420552703,179.480841439776,8.476099455071637,149.20396527394544,0
1767126758.244,1,left_wrist,-0.0454,0.1244,-0.9794,1.47,-4.83,-0.14,0.03785461297092827,0.8284730047602418,-0.5560210450066118,-0.0551371577986478,172.86609466581797,2.8237261506893043,-67.91030698019794,0
1767126758.244,2,right_wrist,-0.1459,0.0098,-0.9584,0.98,-2.52,-0.35,0.07244673201154642,0.2644712106432862,0.9615473961400469,-0.015266130420552703,179.480841439776,8.476099455071637,149.20396527394544,0
1767126758.312,1,left_wrist,-0.0454,0.1244,-0.9794,1.47,-4.83,-0.14,0.03785461297092827,0.8284730047602418,-0.5560210450066118,-0.0551371577986478,172.86609466581797,2.8237261506893043,-67.91030698019794,0
1767126758.312,2,right_wrist,-0.1459,0.0098,-0.9584,0.98,-2.52,-0.35,0.07244673201154642,0.2644712106432862,0.9615473961400469,-0.015266130420552703,179.480841439776,8.476099455071637,149.20396527394544,0
1767126758.374,1,left_wrist,-0.0454,0.1244,-0.9794,1.47,-4.83,-0.14,0.03785461297092827,0.8284730047602418,-0.5560210450066118,-0.0551371577986478,172.86609466581797,2.8237261506893043,-67.91030698019794,0
1767126758.374,2,right_wrist,-0.1459,0.0098,-0.9584,0.98,-2.52,-0.35,0.07244673201154642,0.2644712106432862,0.9615473961400469,-0.015266130420552703,179.480841439776,8.476099455071637,149.20396527394544,0
1767126758.432,1,left_wrist,-0.0454,0.1244,-0.9794,1.47,-4.83,-0.14,0.03785461297092827,0.8284730047602418,-0.5560210450066118,-0.0551371577986478,172.86609466581797,2.8237261506893043,-67.91030698019794,0
1767126758.432,2,right_wrist,-0.1459,0.0098,-0.9584,0.98,-2.52,-0.35,0.07244673201154642,0.2644712106432862,0.9615473961400469,-0.015266130420552703,179.480841439776,8.476099455071637,149.20396527394544,0
1767126758.484,1,left_wrist,-0.0454,0.1244,-0.9794,1.47,-4.83,-0.14,0.03785461297092827,0.8284730047602418,-0.5560210450066118,-0.0551371577986478,172.86609466581797,2.8237261506893043,-67.91030698019794,0
1767126758.484,2,right_wrist,-0.1459,0.0098,-0.9584,0.98,-2.52,-0.35,0.07244673201154642,0.2644712106432862,0.9615473961400469,-0.015266130420552703,179.480841439776,8.476099455071637,149.20396527394544,0
1767126758.538,1,left_wrist,-0.0454,0.1244,-0.9794,1.47,-4.83,-0.14,0.03785461297092827,0.8284730047602418,-0.5560210450066118,-0.0551371577986478,172.86609466581797,2.8237261506893043,-67.91030698019794,0
1767126758.538,2,right_wrist,-0.1459,0.0098,-0.9584,0.98,-2.52,-0.35,0.07244673201154642,0.2644712106432862,0.9615473961400469,-0.015266130420552703,179.480841439776,8.476099455071637,149.20396527394544,0
1767126758.599,1,left_wrist,-0.0454,0.1244,-0.9794,1.47,-4.83,-0.14,0.03785461297092827,0.8284730047602418,-0.5560210450066118,-0.0551371577986478,172.86609466581797,2.8237261506893043,-67.91030698019794,11
1767126758.599,2,right_wrist,-0.1459,0.0098,-0.9584,0.98,-2.52,-0.35,0.07244673201154642,0.2644712106432862,0.9615473961400469,-0.015266130420552703,179.480841439776,8.476099455071637,149.20396527394544,11
1767126758.655,1,left_wrist,-0.0454,0.1244,-0.9794,1.47,-4.83,-0.14,0.03785461297092827,0.8284730047602418,-0.5560210450066118,-0.0551371577986478,172.86609466581797,2.8237261506893043,-67.91030698019794,11
1767126758.655,2,right_wrist,-0.1459,0.0098,-0.9584,0.98,-2.52,-0.35,0.07244673201154642,0.2644712106432862,0.9615473961400469,-0.015266130420552703,179.480841439776,8.476099455071637,149.20396527394544,11
1767126758.705,1,left_wrist,-0.0454,0.1244,-0.9794,1.47,-4.83,-0.14,0.03785461297092827,0.8284730047602418,-0.5560210450066118,-0.0551371577986478,172.86609466581797,2.8237261506893043,-67.91030698019794,11
1767126758.705,2,right_wrist,-0.1459,0.0098,-0.9584,0.98,-2.52,-0.35,0.07244673201154642,0.2644712106432862,0.9615473961400469,-0.015266130420552703,179.480841439776,8.476099455071637,149.20396527394544,11
1767126758.757,1,left_wrist,-0.0454,0.1244,-0.9794,1.47,-4.83,-0.14,0.03785461297092827,0.8284730047602418,-0.5560210450066118,-0.0551371577986478,172.86609466581797,2.8237261506893043,-67.91030698019794,11
1767126758.757,2,right_wrist,-0.1459,0.0098,-0.9584,0.98,-2.52,-0.35,0.07244673201154642,0.2644712106432862,0.9615473961400469,-0.015266130420552703,179.480841439776,8.476099455071637,149.20396527394544,11
1767126758.812,1,left_wrist,-0.0454,0.1244,-0.9794,1.47,-4.83,-0.14,0.03785461297092827,0.8284730047602418,-0.5560210450066118,-0.0551371577986478,172.86609466581797,2.8237261506893043,-67.91030698019794,11
1767126758.812,2,right_wrist,-0.1459,0.0098,-0.9584,0.98,-2.52,-0.35,0.07244673201154642,0.2644712106432862,0.9615473961400469,-0.015266130420552703,179.480841439776,8.476099455071637,149.20396527394544,11
1767126758.871,1,left_wrist,-0.0454,0.1244,-0.9794,1.47,-4.83,-0.14,0.03785461297092827,0.8284730047602418,-0.5560210450066118,-0.0551371577986478,172.86609466581797,2.8237261506893043,-67.91030698019794,11
1767126758.871,2,right_wrist,-0.1459,0.0098,-0.9584,0.98,-2.52,-0.35,0.07244673201154642,0.2644712106432862,0.9615473961400469,-0.015266130420552703,179.480841439776,8.476099455071637,149.20396527394544,11
1767126758.921,1,left_wrist,-0.0454,0.1244,-0.9794,1.47,-4.83,-0.14,0.03785461297092827,0.8284730047602418,-0.5560210450066118,-0.0551371577986478,172.86609466581797,2.8237261506893043,-67.91030698019794,11
1767126758.921,2,right_wrist,-0.1459,0.0098,-0.9584,0.98,-2.52,-0.35,0.07244673201154642,0.2644712106432862,0.9615473961400469,-0.015266130420552703,179.480841439776,8.476099455071637,149.20396527394544,11
1767126758.98,1,left_wrist,-0.0454,0.1244,-0.9794,1.47,-4.83,-0.14,0.03785461297092827,0.8284730047602418,-0.5560210450066118,-0.0551371577986478,172.86609466581797,2.8237261506893043,-67.91030698019794,11
1767126758.98,2,right_wrist,-0.1459,0.0098,-0.9584,0.98,-2.52,-0.35,0.07244673201154642,0.2644712106432862,0.9615473961400469,-0.015266130420552703,179.480841439776,8.476099455071637,149.20396527394544,11
1767126759.046,1,left_wrist,-0.0454,0.1244,-0.9794,1.47,-4.83,-0.14,0.03785461297092827,0.8284730047602418,-0.5560210450066118,-0.0551371577986478,172.86609466581797,2.8237261506893043,-67.91030698019794,11
1767126759.046,2,right_wrist,-0.1459,0.0098,-0.9584,0.98,-2.52,-0.35,0.07244673201154642,0.2644712106432862,0.9615473961400469,-0.015266130420552703,179.480841439776,8.476099455071637,149.20396527394544,11
1767126759.11,1,left_wrist,-0.0454,0.1244,-0.9794,1.47,-4.83,-0.14,0.03785461297092827,0.8284730047602418,-0.5560210450066118,-0.0551371577986478,172.86609466581797,2.8237261506893043,-67.91030698019794,11
1767126759.11,2,right_wrist,-0.1459,0.0098,-0.9584,0.98,-2.52,-0.35,0.07244673201154642,0.2644712106432862,0.9615473961400469,-0.015266130420552703,179.480841439776,8.476099455071637,149.20396527394544,11
1767126759.174,1,left_wrist,-0.0454,0.1244,-0.9794,1.47,-4.83,-0.14,0.03785461297092827,0.8284730047602418,-0.5560210450066118,-0.0551371577986478,172.86609466581797,2.8237261506893043,-67.91030698019794,11
1767126759.174,2,right_wrist,-0.1459,0.0098,-0.9584,0.98,-2.52,-0.35,0.07244673201154642,0.2644712106432862,0.9615473961400469,-0.015266130420552703,179.480841439776,8.476099455071637,149.20396527394544,11
1767126759.206,1,left_wrist,-0.0454,0.1244,-0.9794,1.47,-4.83,-0.14,0.03785461297092827,0.8284730047602418,-0.5560210450066118,-0.0551371577986478,172.86609466581797,2.8237261506893043,-67.91030698019794,0
1767126759.206,2,right_wrist,-0.1459,0.0098,-0.9584,0.98,-2.52,-0.35,0.07244673201154642,0.2644712106432862,0.9615473961400469,-0.015266130420552703,179.480841439776,8.476099455071637,149.20396527394544,0
1767126760.913,1,left_wrist,-0.0454,0.1244,-0.9794,1.47,-4.83,-0.14,0.03785461297092827,0.8284730047602418,-0.5560210450066118,-0.0551371577986478,172.86609466581797,2.8237261506893043,-67.91030698019794,0
1767126760.913,2,right_wrist,-0.1459,0.0098,-0.9584,0.98,-2.52,-0.35,0.07244673201154642,0.2644712106432862,0.9615473961400469,-0.015266130420552703,179.480841439776,8.476099455071637,149.20396527394544,0
1767126764.271,1,left_wrist,-0.0454,0.1244,-0.9794,1.47,-4.83,-0.14,0.03785461297092827,0.8284730047602418,-0.5560210450066118,-0.0551371577986478,172.86609466581797,2.8237261506893043,-67.91030698019794,0
1767126764.271,2,right_wrist,-0.1459,0.0098,-0.9584,0.98,-2.52,-0.35,0.07244673201154642,0.2644712106432862,0.9615473961400469,-0.015266130420552703,179.480841439776,8.476099455071637,149.20396527394544,0
1767126767.801,1,left_wrist,-0.0454,0.1244,-0.9794,1.47,-4.83,-0.14,0.03785461297092827,0.8284730047602418,-0.5560210450066118,-0.0551371577986478,172.86609466581797,2.8237261506893043,-67.91030698019794,0
1767126767.801,2,right_wrist,-0.1459,0.0098,-0.9584,0.98,-2.52,-0.35,0.07244673201154642,0.2644712106432862,0.9615473961400469,-0.015266130420552703,179.480841439776,8.476099455071637,149.20396527394544,0
